NULL,Aaron
NULL,Abdiel
NULL,Abdullah
NULL,Abel
NULL,Abraham
NULL,Abram
NULL,Adam
NULL,Adan
NULL,Addison
NULL,Aden
NULL,Aditya
NULL,Adolfo
NULL,Adonis
NULL,Adrian
NULL,Adriel
NULL,Adrien
NULL,Agustin
NULL,Ahmad
NULL,Ahmed
NULL,Aidan
NULL,Aiden
NULL,Alan
NULL,Albert
NULL,Alberto
NULL,Alden
NULL,Aldo
NULL,Alec
NULL,Alejandro
NULL,Alessandro
NULL,Alex
NULL,Alexander
NULL,Alexandre
NULL,Alexandro
NULL,Alexis
NULL,Alexzander
NULL,Alfonso
NULL,Alfred
NULL,Alfredo
NULL,Ali
NULL,Alijah
NULL,Allan
NULL,Allen
NULL,Alonso
NULL,Alonzo
NULL,Alvaro
NULL,Alvin
NULL,Amari
NULL,Amarion
NULL,Amir
NULL,Anderson
NULL,Andre
NULL,Andres
NULL,Andrew
NULL,Andy
NULL,Angel
NULL,Angelo
NULL,Anthony
NULL,Antoine
NULL,Anton
NULL,Antonio
NULL,Antony
NULL,Antwan
NULL,Ari
NULL,Ariel
NULL,Arjun
NULL,Armando
NULL,Armani
NULL,Arnold
NULL,Aron
NULL,Arthur
NULL,Arturo
NULL,Aryan
NULL,Asa
NULL,Asher
NULL,Ashton
NULL,Aubrey
NULL,August
NULL,Augustus
NULL,Austen
NULL,Austin
NULL,Austyn
NULL,Avery
NULL,Axel
NULL,Ayden
NULL,Baby
NULL,Bailey
NULL,Barrett
NULL,Barry
NULL,Beau
NULL,Ben
NULL,Benjamin
NULL,Bennett
NULL,Benny
NULL,Bernard
NULL,Bernardo
NULL,Bilal
NULL,Billy
NULL,Blaine
NULL,Blaise
NULL,Blake
NULL,Blaze
NULL,Bo
NULL,Bobby
NULL,Brad
NULL,Braden
NULL,Bradley
NULL,Brady
NULL,Bradyn
NULL,Braeden
NULL,Braedon
NULL,Braiden
NULL,Branden
NULL,Brandon
NULL,Braulio
NULL,Braxton
NULL,Brayan
NULL,Brayden
NULL,Braydon
NULL,Brendan
NULL,Brenden
NULL,Brendon
NULL,Brennan
NULL,Brennen
NULL,Brent
NULL,Brenton
NULL,Bret
NULL,Brett
NULL,Brian
NULL,Brice
NULL,Brock
NULL,Brodie
NULL,Brody
NULL,Brooks
NULL,Bruce
NULL,Bruno
NULL,Bryan
NULL,Bryant
NULL,Bryce
NULL,Brycen
NULL,Bryson
NULL,Byron
NULL,Cade
NULL,Caden
NULL,Cael
NULL,Caiden
NULL,Cale
NULL,Caleb
NULL,Calvin
NULL,Camden
NULL,Cameron
NULL,Camren
NULL,Camron
NULL,Carl
NULL,Carlo
NULL,Carlos
NULL,Carlton
NULL,Carson
NULL,Carter
NULL,Casey
NULL,Cason
NULL,Cayden
NULL,Cedric
NULL,Cesar
NULL,Chad
NULL,Chaim
NULL,Chance
NULL,Chandler
NULL,Charles
NULL,Charlie
NULL,Chase
NULL,Chaz
NULL,Chris
NULL,Christian
NULL,Christopher
NULL,Clarence
NULL,Clark
NULL,Clay
NULL,Clayton
NULL,Clifford
NULL,Clifton
NULL,Clinton
NULL,Coby
NULL,Cody
NULL,Colby
NULL,Cole
NULL,Coleman
NULL,Colin
NULL,Collin
NULL,Colt
NULL,Colten
NULL,Colton
NULL,Conner
NULL,Connor
NULL,Conor
NULL,Conrad
NULL,Cooper
NULL,Corbin
NULL,Cordell
NULL,Corey
NULL,Cornelius
NULL,Cortez
NULL,Cory
NULL,Craig
NULL,Cristian
NULL,Cristobal
NULL,Cristopher
NULL,Cruz
NULL,Cullen
NULL,Curtis
NULL,Cyrus
NULL,Dakota
NULL,Dale
NULL,Dallas
NULL,Dallin
NULL,Dalton
NULL,Damian
NULL,Damien
NULL,Damion
NULL,Damon
NULL,Dandre
NULL,Dane
NULL,Dangelo
NULL,Daniel
NULL,Danny
NULL,Dante
NULL,Daquan
NULL,Darian
NULL,Darien
NULL,Darin
NULL,Dario
NULL,Darion
NULL,Darius
NULL,Darnell
NULL,Darrell
NULL,Darren
NULL,Darrin
NULL,Darrion
NULL,Darrius
NULL,Darryl
NULL,Darwin
NULL,Daryl
NULL,Dashawn
NULL,David
NULL,Davin
NULL,Davion
NULL,Davis
NULL,Davon
NULL,Dawson
NULL,Dayton
NULL,DeanDeandre
NULL,Deangelo
NULL,Declan
NULL,Demarcus
NULL,Demetrius
NULL,Dennis
NULL,Denzel
NULL,Deon
NULL,Deonte
NULL,Derek
NULL,Derick
NULL,Derrick
NULL,Deshaun
NULL,Deshawn
NULL,Desmond
NULL,Destin
NULL,Devan
NULL,Devante
NULL,Deven
NULL,Devin
NULL,Devon
NULL,Devonte
NULL,Devyn
NULL,Dexter
NULL,Diego
NULL,Dillan
NULL,Dillon
NULL,Dimitri
NULL,Dion
NULL,Domenic
NULL,Dominic
NULL,Dominick
NULL,Dominik
NULL,Dominique
NULL,Donald
NULL,Donavan
NULL,Donovan
NULL,Dontae
NULL,Donte
NULL,Dorian
NULL,Douglas
NULL,Drake
NULL,Draven
NULL,Drew
NULL,Duane
NULL,Duncan
NULL,Dustin
NULL,Dwayne
NULL,Dwight
NULL,Dylan
NULL,Dylon
NULL,Ean
NULL,Earl
NULL,Easton
NULL,Eddie
NULL,Eddy
NULL,Edgar
NULL,Edgardo
NULL,Eduardo
NULL,Edward
NULL,Edwin
NULL,Efrain
NULL,Efren
NULL,Eli
NULL,Elian
NULL,Elias
NULL,Eliezer
NULL,Elijah
NULL,Eliseo
NULL,Elisha
NULL,Elliot
NULL,Elliott
NULL,Ellis
NULL,Elmer
NULL,Elvin
NULL,Elvis
NULL,Emanuel
NULL,Emerson
NULL,Emiliano
NULL,Emilio
NULL,Emmanuel
NULL,Emmett
NULL,Enrique
NULL,Eric
NULL,Erick
NULL,Erik
NULL,Ernest
NULL,Ernesto
NULL,Esteban
NULL,Estevan
NULL,Ethan
NULL,Ethen
NULL,Eugene
NULL,Evan
NULL,Everett
NULL,Ezekiel
NULL,Ezequiel
NULL,Ezra
NULL,Fabian
NULL,Felipe
NULL,Felix
NULL,Fernando
NULL,Fidel
NULL,Finn
NULL,Forrest
NULL,Francis
NULL,Francisco
NULL,Frank
NULL,Frankie
NULL,Franklin
NULL,Fred
NULL,Freddie
NULL,Freddy
NULL,Frederick
NULL,Fredrick
NULL,Gabriel
NULL,Gael
NULL,Gage
NULL,Gaige
NULL,Gannon
NULL,Garett
NULL,Garret
NULL,Garrett
NULL,Garrison
NULL,Gary
NULL,Gaven
NULL,Gavin
NULL,Gavyn
NULL,Geoffrey
NULL,George
NULL,Gerald
NULL,Gerard
NULL,Gerardo
NULL,German
NULL,Gian
NULL,Giancarlo
NULL,Gianni
NULL,Gideon
NULL,Gilbert
NULL,Gilberto
NULL,Gino
NULL,Giovanni
NULL,Giovanny
NULL,Glen
NULL,Glenn
NULL,Gonzalo
NULL,Gordon
NULL,Grady
NULL,Graham
NULL,Grant
NULL,Grayson
NULL,Gregory
NULL,Greyson
NULL,Griffin
NULL,Guadalupe
NULL,Guillermo
NULL,Gunnar
NULL,Gunner
NULL,Gustavo
NULL,Guy
NULL,Haden
NULL,Hamza
NULL,Harley
NULL,Harold
NULL,Harrison
NULL,Harry
NULL,Hassan
NULL,Hayden
NULL,Heath
NULL,Hector
NULL,Henry
NULL,Herbert
NULL,Heriberto
NULL,Holden
NULL,Houston
NULL,Howard
NULL,Hudson
NULL,Hugh
NULL,Hugo
NULL,Humberto
NULL,Hunter
NULL,Ian
NULL,Ibrahim
NULL,Ignacio
NULL,Immanuel
NULL,Irvin
NULL,Irving
NULL,Isaac
NULL,Isaak
NULL,Isai
NULL,Isaiah
NULL,Isaias
NULL,Isiah
NULL,Ismael
NULL,Israel
NULL,Issac
NULL,Ivan
NULL,Izaiah
NULL,Jabari
NULL,Jace
NULL,Jack
NULL,Jackson
NULL,Jacob
NULL,Jacoby
NULL,Jaden
NULL,Jadon
NULL,Jadyn
NULL,Jaeden
NULL,Jagger
NULL,Jaheem
NULL,Jaheim
NULL,Jahiem
NULL,Jaiden
NULL,Jaime
NULL,Jair
NULL,Jairo
NULL,Jake
NULL,Jakob
NULL,Jakobe
NULL,Jalen
NULL,Jamal
NULL,Jamar
NULL,Jamari
NULL,Jamel
NULL,James
NULL,Jameson
NULL,Jamie
NULL,Jamil
NULL,Jamir
NULL,Jamison
NULL,Jan
NULL,Jaquan
NULL,Jaquez
NULL,Jared
NULL,Jaren
NULL,Jarod
NULL,Jaron
NULL,Jarred
NULL,Jarrett
NULL,Jarrod
NULL,Jarvis
NULL,Jase
NULL,Jason
NULL,Jasper
NULL,Javen
NULL,Javier
NULL,Javion
NULL,Javon
NULL,Jaxon
NULL,JaxsonJay
NULL,Jayce
NULL,Jayden
NULL,Jaydon
NULL,Jaylan
NULL,Jaylen
NULL,Jaylin
NULL,Jaylon
NULL,Jayson
NULL,Jean
NULL,Jeff
NULL,Jefferson
NULL,Jeffery
NULL,Jeffrey
NULL,Jeremiah
NULL,Jeremy
NULL,Jermaine
NULL,Jerome
NULL,Jerry
NULL,Jesse
NULL,Jessie
NULL,Jesus
NULL,Jett
NULL,Jevon
NULL,Jimmy
NULL,Joan
NULL,Joaquin
NULL,Joe
NULL,Joel
NULL,Joey
NULL,Johan
NULL,John
NULL,Johnathan
NULL,Johnathon
NULL,Johnny
NULL,Jon
NULL,Jonah
NULL,Jonas
NULL,Jonatan
NULL,Jonathan
NULL,Jonathon
NULL,Jordan
NULL,Jorden
NULL,Jordon
NULL,Jordy
NULL,Jorge
NULL,Jose
NULL,Josef
NULL,Joseph
NULL,Josh
NULL,Joshua
NULL,Josiah
NULL,Josue
NULL,Jovan
NULL,Jovani
NULL,Jovany
NULL,Juan
NULL,Judah
NULL,Jude
NULL,Julian
NULL,Julien
NULL,Julio
NULL,Julius
NULL,Junior
NULL,Justice
NULL,Justin
NULL,Justus
NULL,Justyn
NULL,Kade
NULL,Kaden
NULL,Kadin
NULL,Kai
NULL,Kaiden
NULL,Kale
NULL,Kaleb
NULL,Kameron
NULL,Kamron
NULL,Kane
NULL,Kareem
NULL,Karl
NULL,Karson
NULL,Kasey
NULL,Kayden
NULL,Keagan
NULL,Keanu
NULL,Keaton
NULL,Keegan
NULL,Keenan
NULL,Keith
NULL,Kellen
NULL,Kelly
NULL,Kelton
NULL,Kelvin
NULL,Kendall
NULL,Kendrick
NULL,Kennedy
NULL,Kenneth
NULL,Kenny
NULL,Kent
NULL,Kenyon
NULL,Keon
NULL,Keshawn
NULL,Keven
NULL,Kevin
NULL,Kevon
NULL,Keyon
NULL,Keyshawn
NULL,Khalid
NULL,Khalil
NULL,Kian
NULL,Kieran
NULL,Kirk
NULL,Kobe
NULL,Koby
NULL,Kody
NULL,Kolby
NULL,Kole
NULL,Kolton
NULL,Korbin
NULL,Korey
NULL,Kory
NULL,Kristian
NULL,Kristofer
NULL,Kristopher
NULL,Kurt
NULL,Kurtis
NULL,Kylan
NULL,Kyle
NULL,Kyler
NULL,Kyree
NULL,Lamar
NULL,Lamont
NULL,Lance
NULL,Landen
NULL,Landon
NULL,Lane
NULL,Larry
NULL,Latrell
NULL,Lawrence
NULL,Lawson
NULL,Layne
NULL,Layton
NULL,Lee
NULL,Leo
NULL,Leon
NULL,Leonard
NULL,Leonardo
NULL,Leonel
NULL,Leroy
NULL,Levi
NULL,Lewis
NULL,Liam
NULL,Lincoln
NULL,Lisandro
NULL,Logan
NULL,London
NULL,Lonnie
NULL,Lorenzo
NULL,Louis
NULL,Luc
NULL,Luca
NULL,Lucas
NULL,Luciano
NULL,Luis
NULL,Lukas
NULL,Luke
NULL,Malachi
NULL,Malakai
NULL,Malcolm
NULL,Malik
NULL,Manuel
NULL,Marc
NULL,Marcel
NULL,Marcelo
NULL,Marco
NULL,Marcos
NULL,Marcus
NULL,Mariano
NULL,Mario
NULL,Mark
NULL,Markus
NULL,Marlon
NULL,Marquez
NULL,Marquis
NULL,Marquise
NULL,Marshall
NULL,Martin
NULL,Marvin
NULL,Mason
NULL,Mateo
NULL,Mathew
NULL,Matteo
NULL,Matthew
NULL,Maurice
NULL,Mauricio
NULL,Maverick
NULL,Max
NULL,Maxim
NULL,Maximilian
NULL,Maximillian
NULL,Maximo
NULL,Maximus
NULL,Maxwell
NULL,Mekhi
NULL,Melvin
NULL,Micah
NULL,Michael
NULL,Micheal
NULL,Miguel
NULL,Mike
NULL,Mikel
NULL,Miles
NULL,Milo
NULL,Milton
NULL,Misael
NULL,Mitchel
NULL,Mitchell
NULL,Mohamed
NULL,Mohammad
NULL,Mohammed
NULL,Moises
NULL,Morgan
NULL,Moses
NULL,Moshe
NULL,Muhammad
NULL,Mustafa
NULL,Myles
NULL,Nash
NULL,Nasir
NULL,Nathan
NULL,Nathanael
NULL,Nathanial
NULL,Nathaniel
NULL,Nathen
NULL,Neal
NULL,Nehemiah
NULL,Neil
NULL,Nelson
NULL,Nestor
NULL,Nicholas
NULL,Nick
NULL,Nickolas
NULL,Nico
NULL,Nicolas
NULL,Nigel
NULL,Nikhil
NULL,Nikolas
NULL,Noah
NULL,Noe
NULL,NoelNolan
NULL,Norman
NULL,Octavio
NULL,Oliver
NULL,Omar
NULL,Omari
NULL,Omarion
NULL,Orion
NULL,Orlando
NULL,Osbaldo
NULL,Oscar
NULL,Osvaldo
NULL,Oswaldo
NULL,Owen
NULL,Pablo
NULL,Parker
NULL,Patrick
NULL,Paul
NULL,Paxton
NULL,Payton
NULL,Pedro
NULL,Perry
NULL,Peter
NULL,Peyton
NULL,Philip
NULL,Phillip
NULL,Phoenix
NULL,Pierce
NULL,Pierre
NULL,Porter
NULL,Pranav
NULL,Preston
NULL,Prince
NULL,Quentin
NULL,Quincy
NULL,Quinn
NULL,Quinten
NULL,Quintin
NULL,Quinton
NULL,Rafael
NULL,Rahul
NULL,Ralph
NULL,Ramiro
NULL,Ramon
NULL,Randall
NULL,Randy
NULL,Raphael
NULL,Rashad
NULL,Raul
NULL,Ray
NULL,Raymond
NULL,Raymundo
NULL,Reagan
NULL,Reece
NULL,Reed
NULL,Reese
NULL,Reginald
NULL,Reid
NULL,Reilly
NULL,Remington
NULL,Rene
NULL,Reuben
NULL,Rey
NULL,Reynaldo
NULL,Rhett
NULL,Ricardo
NULL,Richard
NULL,Rickey
NULL,Ricky
NULL,Rigoberto
NULL,Riley
NULL,River
NULL,Robert
NULL,Roberto
NULL,Rocco
NULL,Roderick
NULL,Rodney
NULL,Rodolfo
NULL,Rodrigo
NULL,Rogelio
NULL,Roger
NULL,Rohan
NULL,Roland
NULL,Rolando
NULL,Roman
NULL,Romeo
NULL,Ronald
NULL,Ronaldo
NULL,Ronan
NULL,Ronnie
NULL,Rory
NULL,Ross
NULL,Rowan
NULL,Roy
NULL,Ruben
NULL,Rudy
NULL,Russell
NULL,Ryan
NULL,Ryder
NULL,Rylan
NULL,Rylee
NULL,Ryley
NULL,Sabastian
NULL,Sage
NULL,Salvador
NULL,Salvatore
NULL,Sam
NULL,Samir
NULL,Sammy
NULL,Samson
NULL,Samuel
NULL,Santiago
NULL,Santino
NULL,Santos
NULL,Saul
NULL,Savion
NULL,Sawyer
NULL,Scott
NULL,Seamus
NULL,Sean
NULL,Sebastian
NULL,Semaj
NULL,Sergio
NULL,Seth
NULL,Shamar
NULL,Shane
NULL,Shannon
NULL,Shaun
NULL,Shawn
NULL,Shayne
NULL,Shea
NULL,Sheldon
NULL,Shemar
NULL,Sidney
NULL,Silas
NULL,Simon
NULL,Sincere
NULL,Skylar
NULL,Skyler
NULL,Solomon
NULL,Sonny
NULL,Spencer
NULL,Stanley
NULL,Stefan
NULL,Stephan
NULL,Stephen
NULL,Stephon
NULL,Sterling
NULL,Steve
NULL,Steven
NULL,Stone
NULL,Stuart
NULL,Sullivan
NULL,Syed
NULL,Talon
NULL,Tanner
NULL,Tariq
NULL,Tate
NULL,Tavion
NULL,Taylor
NULL,Terrance
NULL,Terrell
NULL,Terrence
NULL,Terry
NULL,Thaddeus
NULL,Theodore
NULL,Thomas
NULL,Timothy
NULL,Titus
NULL,Tobias
NULL,Toby
NULL,Todd
NULL,Tomas
NULL,Tommy
NULL,Tony
NULL,Trace
NULL,Travis
NULL,Travon
NULL,Tre
NULL,Trent
NULL,Trenton
NULL,Trever
NULL,Trevin
NULL,Trevion
NULL,Trevon
NULL,Trevor
NULL,Trey
NULL,Treyton
NULL,Tristan
NULL,Tristen
NULL,Tristian
NULL,Tristin
NULL,Triston
NULL,Troy
NULL,Trystan
NULL,Tucker
NULL,Turner
NULL,Ty
NULL,Tyler
NULL,Tylor
NULL,Tyree
NULL,Tyrell
NULL,Tyrese
NULL,Tyrone
NULL,Tyshawn
NULL,Tyson
NULL,Ulises
NULL,Ulysses
NULL,Uriel
NULL,Vance
NULL,Vaughn
NULL,Vernon
NULL,Vicente
NULL,Victor
NULL,Vincent
NULL,Wade
NULL,Walker
NULL,Walter
NULL,Warren
NULL,Waylon
NULL,Wayne
NULL,Wesley
NULL,Weston
NULL,Will
NULL,William
NULL,Willie
NULL,Wilson
NULL,Winston
NULL,Wyatt
NULL,Xander
NULL,Xavier
NULL,Xzavier
NULL,Yadiel
NULL,Yahir
NULL,Yosef
NULL,Zachariah
NULL,Zachary
NULL,Zachery
NULL,Zack
NULL,Zackary
NULL,Zackery
NULL,Zain
NULL,Zaire
NULL,Zakary
NULL,Zander
NULL,Zane
NULL,Zavier
NULL,Zayne
NULL,Zechariah
NULL,Zion
