NULL,Aaliyah
NULL,Abagail
NULL,Abbey
NULL,Abbie
NULL,Abbigail
NULL,Abby
NULL,Abigail
NULL,Abigale
NULL,Abigayle
NULL,Abril
NULL,Addison
NULL,Adeline
NULL,Adriana
NULL,Adrianna
NULL,Adrienne
NULL,Aileen
NULL,Aimee
NULL,Ainsley
NULL,Aisha
NULL,Aiyana
NULL,Aja
NULL,Akira
NULL,Alaina
NULL,Alana
NULL,Alanis
NULL,Alanna
NULL,Alayna
NULL,Aleah
NULL,Alejandra
NULL,Alena
NULL,Alessandra
NULL,Alex
NULL,Alexa
NULL,Alexandra
NULL,Alexandrea
NULL,Alexandria
NULL,Alexia
NULL,Alexis
NULL,Alexus
NULL,Alexys
NULL,Alia
NULL,Alice
NULL,Alicia
NULL,Alina
NULL,Alisa
NULL,Alisha
NULL,Alison
NULL,Alissa
NULL,Alivia
NULL,Aliya
NULL,Aliyah
NULL,Aliza
NULL,Alize
NULL,Allie
NULL,Allison
NULL,Ally
NULL,Allyson
NULL,Allyssa
NULL,Alma
NULL,Alondra
NULL,Alycia
NULL,Alysa
NULL,Alysha
NULL,Alyson
NULL,Alyssa
NULL,Amanda
NULL,Amani
NULL,Amara
NULL,Amari
NULL,Amaya
NULL,Amber
NULL,Amelia
NULL,America
NULL,Amina
NULL,Amira
NULL,Amy
NULL,Amya
NULL,Ana
NULL,Anabel
NULL,Anahi
NULL,Anais
NULL,Anastasia
NULL,Anaya
NULL,Andrea
NULL,Angel
NULL,Angela
NULL,Angelica
NULL,Angelina
NULL,Angeline
NULL,Angelique
NULL,Angie
NULL,Anika
NULL,Anissa
NULL,Anita
NULL,Aniya
NULL,Aniyah
NULL,Anjali
NULL,Ann
NULL,Anna
NULL,Annabel
NULL,Annabella
NULL,Annabelle
NULL,Annalise
NULL,Anne
NULL,Annette
NULL,Annie
NULL,Annika
NULL,Ansley
NULL,Antonia
NULL,Anya
NULL,April
NULL,Araceli
NULL,Aracely
NULL,Arely
NULL,Aria
NULL,Ariana
NULL,Arianna
NULL,Ariel
NULL,Arielle
NULL,Arlene
NULL,Armani
NULL,Aryanna
NULL,Ashanti
NULL,Ashlee
NULL,Ashleigh
NULL,Ashley
NULL,Ashly
NULL,Ashlyn
NULL,Ashlynn
NULL,Ashton
NULL,Ashtyn
NULL,Asia
NULL,Aspen
NULL,Astrid
NULL,Athena
NULL,Aubree
NULL,Aubrey
NULL,Aubrie
NULL,Audrey
NULL,Aurora
NULL,Autumn
NULL,Ava
NULL,Avery
NULL,Ayana
NULL,Ayanna
NULL,Ayla
NULL,Aylin
NULL,Baby
NULL,Bailee
NULL,Bailey
NULL,Barbara
NULL,Baylee
NULL,Beatriz
NULL,Belen
NULL,Bella
NULL,Berenice
NULL,Bethany
NULL,Bianca
NULL,Blanca
NULL,Brandi
NULL,Brandy
NULL,Breana
NULL,Breanna
NULL,Brenda
NULL,Brenna
NULL,Breonna
NULL,Bria
NULL,Briana
NULL,Brianna
NULL,Brianne
NULL,Bridget
NULL,Brielle
NULL,Brionna
NULL,Brisa
NULL,Britney
NULL,Brittany
NULL,Brittney
NULL,Brooke
NULL,Brooklyn
NULL,Brooklynn
NULL,Bryana
NULL,Bryanna
NULL,Brynn
NULL,Cadence
NULL,Caitlin
NULL,Caitlyn
NULL,Cali
NULL,Calista
NULL,Callie
NULL,Cameron
NULL,Camila
NULL,Camille
NULL,Camryn
NULL,Candace
NULL,Candice
NULL,Cara
NULL,Carina
NULL,Carissa
NULL,Carla
NULL,Carlee
NULL,Carley
NULL,Carli
NULL,Carlie
NULL,Carly
NULL,Carmen
NULL,Carol
NULL,Carolina
NULL,Caroline
NULL,Carolyn
NULL,Carrie
NULL,Carson
NULL,Casandra
NULL,Casey
NULL,Cassandra
NULL,Cassidy
NULL,Cassie
NULL,Catalina
NULL,Catherine
NULL,Cayla
NULL,Cecelia
NULL,Cecilia
NULL,Celeste
NULL,Celia
NULL,Celina
NULL,Celine
NULL,Chana
NULL,Charity
NULL,Charlotte
NULL,Chasity
NULL,Chaya
NULL,Chelsea
NULL,Chelsey
NULL,Cheyanne
NULL,Cheyenne
NULL,Chloe
NULL,Christa
NULL,Christian
NULL,Christiana
NULL,Christina
NULL,Christine
NULL,Christy
NULL,Ciara
NULL,Ciera
NULL,Cierra
NULL,Cindy
NULL,Citlali
NULL,Claire
NULL,Clara
NULL,Clare
NULL,ClarissaClaudia
NULL,Colleen
NULL,Cora
NULL,Corinne
NULL,Courtney
NULL,Cristal
NULL,Cristina
NULL,Crystal
NULL,Cynthia
NULL,Daisy
NULL,Dakota
NULL,Dalia
NULL,Damaris
NULL,Dana
NULL,Dania
NULL,Daniela
NULL,Daniella
NULL,Danielle
NULL,Danna
NULL,Daphne
NULL,Darby
NULL,Darlene
NULL,Dasia
NULL,Dayana
NULL,Deanna
NULL,Deasia
NULL,Deborah
NULL,Deja
NULL,Delaney
NULL,Delilah
NULL,Denise
NULL,Denisse
NULL,Desirae
NULL,Desiree
NULL,Destinee
NULL,Destiney
NULL,Destini
NULL,Destiny
NULL,Devin
NULL,Devon
NULL,Devyn
NULL,Diamond
NULL,Diana
NULL,Diane
NULL,Dianna
NULL,Dominique
NULL,Donna
NULL,Dorothy
NULL,Dulce
NULL,Dylan
NULL,Ebony
NULL,Eden
NULL,Edith
NULL,Eileen
NULL,Elaina
NULL,Elaine
NULL,Eleanor
NULL,Elena
NULL,Eliana
NULL,Elisa
NULL,Elisabeth
NULL,Elise
NULL,Elissa
NULL,Eliza
NULL,Elizabeth
NULL,Ella
NULL,Elle
NULL,Ellen
NULL,Ellie
NULL,Elsa
NULL,Elyse
NULL,Elyssa
NULL,Emely
NULL,Emerson
NULL,Emilee
NULL,Emilia
NULL,Emilie
NULL,Emily
NULL,Emma
NULL,Emmalee
NULL,Erica
NULL,Ericka
NULL,Erika
NULL,Erin
NULL,Esmeralda
NULL,Esperanza
NULL,Essence
NULL,Estefani
NULL,Estefania
NULL,Estefany
NULL,Esther
NULL,Estrella
NULL,Eva
NULL,Eve
NULL,Evelin
NULL,Evelyn
NULL,Fabiola
NULL,Faith
NULL,Fatima
NULL,Felicia
NULL,Felicity
NULL,Fernanda
NULL,Fiona
NULL,Frances
NULL,Francesca
NULL,Frida
NULL,Gabriela
NULL,Gabriella
NULL,Gabrielle
NULL,Galilea
NULL,Genesis
NULL,Genevieve
NULL,Georgia
NULL,Gia
NULL,Giana
NULL,Gianna
NULL,Gillian
NULL,Gina
NULL,Giovanna
NULL,Giselle
NULL,Gisselle
NULL,Gloria
NULL,Grace
NULL,Gracie
NULL,Graciela
NULL,Greta
NULL,Gretchen
NULL,Guadalupe
NULL,Gwendolyn
NULL,Hadley
NULL,Hailee
NULL,Hailey
NULL,Hailie
NULL,Haleigh
NULL,Haley
NULL,Halie
NULL,Halle
NULL,Hallie
NULL,Hana
NULL,Hanna
NULL,Hannah
NULL,Harley
NULL,Harmony
NULL,Haven
NULL,Hayden
NULL,Haylee
NULL,Hayley
NULL,Haylie
NULL,Hazel
NULL,Heather
NULL,Heaven
NULL,Heidi
NULL,Helen
NULL,Helena
NULL,Holly
NULL,Hope
NULL,Hunter
NULL,Iliana
NULL,Imani
NULL,India
NULL,Ingrid
NULL,Ireland
NULL,Irene
NULL,Iris
NULL,Isabel
NULL,Isabela
NULL,Isabell
NULL,Isabella
NULL,Isabelle
NULL,Isis
NULL,Itzel
NULL,Ivy
NULL,Iyana
NULL,Iyanna
NULL,Izabella
NULL,Jacey
NULL,Jackeline
NULL,Jaclyn
NULL,Jacqueline
NULL,Jacquelyn
NULL,Jada
NULL,Jade
NULL,Jaden
NULL,Jadyn
NULL,Jaelyn
NULL,Jaida
NULL,Jaiden
NULL,Jaidyn
NULL,Jailyn
NULL,Jaime
NULL,Jakayla
NULL,Jaliyah
NULL,Jalyn
NULL,Jalynn
NULL,Jamie
NULL,Jamya
NULL,Jana
NULL,Janae
NULL,Jane
NULL,Janelle
NULL,Janessa
NULL,Janet
NULL,Janice
NULL,Janie
NULL,Janiya
NULL,Jaquelin
NULL,Jaqueline
NULL,Jasmin
NULL,Jasmine
NULL,Jasmyn
NULL,Jaycee
NULL,Jayda
NULL,Jayde
NULL,Jayden
NULL,Jayla
NULL,Jaylene
NULL,Jaylin
NULL,Jaylyn
NULL,Jaylynn
NULL,Jazlyn
NULL,Jazmin
NULL,Jazmine
NULL,Jazmyn
NULL,Jazmyne
NULL,Jeanette
NULL,Jena
NULL,Jenifer
NULL,Jenna
NULL,Jennifer
NULL,Jenny
NULL,Jessica
NULL,Jessie
NULL,Jewel
NULL,Jillian
NULL,Jimena
NULL,Joana
NULL,Joanna
NULL,Jocelyn
NULL,Joelle
NULL,Johana
NULL,Johanna
NULL,Jolie
NULL,Jordan
NULL,Jordyn
NULL,Joselyn
NULL,Josephine
NULL,Josie
NULL,Joslyn
NULL,Journey
NULL,JoyJoyce
NULL,Judith
NULL,Julia
NULL,Juliana
NULL,Julianna
NULL,Julianne
NULL,Julie
NULL,Juliet
NULL,Juliette
NULL,Julissa
NULL,Justice
NULL,Justine
NULL,Kacie
NULL,Kaela
NULL,Kaelyn
NULL,Kaia
NULL,Kaila
NULL,Kailee
NULL,Kailey
NULL,Kailyn
NULL,Kaitlin
NULL,Kaitlyn
NULL,Kaitlynn
NULL,Kaiya
NULL,Kaleigh
NULL,Kaley
NULL,Kali
NULL,Kaliyah
NULL,Kallie
NULL,Kalyn
NULL,Kamryn
NULL,Kara
NULL,Karen
NULL,Kari
NULL,Karina
NULL,Karissa
NULL,Karla
NULL,Karlee
NULL,Karley
NULL,Karli
NULL,Karlie
NULL,Karly
NULL,Kasandra
NULL,Kasey
NULL,Kassandra
NULL,Kassidy
NULL,Katarina
NULL,Kate
NULL,Katelin
NULL,Katelyn
NULL,Katelynn
NULL,Katerina
NULL,Katharine
NULL,Katherine
NULL,Kathleen
NULL,Kathryn
NULL,Kathy
NULL,Katie
NULL,Katlyn
NULL,Katrina
NULL,Katy
NULL,Kaya
NULL,Kayla
NULL,Kaylah
NULL,Kaylee
NULL,Kayleigh
NULL,Kayley
NULL,Kayli
NULL,Kaylie
NULL,Kaylin
NULL,Kaylyn
NULL,Kaylynn
NULL,Keeley
NULL,Keely
NULL,Keila
NULL,Keira
NULL,Kelli
NULL,Kellie
NULL,Kelly
NULL,Kelsey
NULL,Kelsi
NULL,Kelsie
NULL,Kendal
NULL,Kendall
NULL,Kendra
NULL,Kenia
NULL,Kenna
NULL,Kennedi
NULL,Kennedy
NULL,Kenya
NULL,Kenzie
NULL,Keyla
NULL,Kiana
NULL,Kianna
NULL,Kiara
NULL,Kiera
NULL,Kierra
NULL,Kiersten
NULL,Kiley
NULL,Kimberly
NULL,Kira
NULL,Kirsten
NULL,Kiya
NULL,Kourtney
NULL,Krista
NULL,Kristen
NULL,Kristin
NULL,Kristina
NULL,Krystal
NULL,Kya
NULL,Kyla
NULL,Kylee
NULL,Kyleigh
NULL,Kylie
NULL,Kyra
NULL,Lacey
NULL,Laila
NULL,Lana
NULL,Laney
NULL,Lara
NULL,Larissa
NULL,Laura
NULL,Laurel
NULL,Lauren
NULL,Lauryn
NULL,Layla
NULL,Lea
NULL,Leah
NULL,Leanna
NULL,Leila
NULL,Leilani
NULL,Lena
NULL,Lesley
NULL,Leslie
NULL,Lesly
NULL,Leticia
NULL,Lexi
NULL,Lexie
NULL,Lexus
NULL,Lia
NULL,Liana
NULL,Libby
NULL,Liberty
NULL,Lila
NULL,Lilian
NULL,Liliana
NULL,Lillian
NULL,Lilliana
NULL,Lillie
NULL,Lilly
NULL,Lily
NULL,Lina
NULL,Linda
NULL,Lindsay
NULL,Lindsey
NULL,Lisa
NULL,Lisbeth
NULL,Litzy
NULL,Lizbeth
NULL,Lizeth
NULL,Lizette
NULL,Logan
NULL,Lola
NULL,London
NULL,Loren
NULL,Lorena
NULL,Lucia
NULL,Lucy
NULL,Luisa
NULL,Luz
NULL,Lydia
NULL,Lyndsey
NULL,Lyric
NULL,Macey
NULL,Maci
NULL,Macie
NULL,Mackenzie
NULL,Macy
NULL,Madalyn
NULL,Madalynn
NULL,Maddison
NULL,Madeleine
NULL,Madeline
NULL,Madelyn
NULL,Madelynn
NULL,Madilyn
NULL,Madisen
NULL,Madison
NULL,Madisyn
NULL,Madyson
NULL,Maegan
NULL,Maeve
NULL,Magdalena
NULL,Maggie
NULL,Maia
NULL,Makaila
NULL,Makayla
NULL,Makena
NULL,Makenna
NULL,Makenzie
NULL,Maleah
NULL,Malia
NULL,Maliyah
NULL,Mallory
NULL,Mandy
NULL,Mara
NULL,Marcella
NULL,Margaret
NULL,Margarita
NULL,Maria
NULL,Mariah
NULL,Mariam
NULL,Mariana
NULL,Marianna
NULL,Maribel
NULL,Marie
NULL,Mariela
NULL,Marilyn
NULL,Marina
NULL,Marisa
NULL,Marisol
NULL,Marissa
NULL,Maritza
NULL,Marlee
NULL,Marlene
NULL,Marley
NULL,Martha
NULL,Mary
NULL,Maryam
NULL,Mattie
NULL,Maura
NULL,Maya
NULL,Mayra
NULL,Mckayla
NULL,Mckenna
NULL,Mckenzie
NULL,Meadow
NULL,Meagan
NULL,Meaghan
NULL,Megan
NULL,Meghan
NULL,Melanie
NULL,Melany
NULL,Melina
NULL,Melinda
NULL,Melissa
NULL,Melody
NULL,Mercedes
NULL,Meredith
NULL,MiaMiah
NULL,Micaela
NULL,Micah
NULL,Michaela
NULL,Michelle
NULL,Mikaela
NULL,Mikayla
NULL,Mina
NULL,Miracle
NULL,Miranda
NULL,Mireya
NULL,Miriam
NULL,Miya
NULL,Mollie
NULL,Molly
NULL,Monica
NULL,Monique
NULL,Monserrat
NULL,Montana
NULL,Morgan
NULL,Moriah
NULL,Mya
NULL,Myah
NULL,Myra
NULL,Nadia
NULL,Nancy
NULL,Naomi
NULL,Natalia
NULL,Natalie
NULL,Nataly
NULL,Natasha
NULL,Nathalie
NULL,Nayeli
NULL,Nevaeh
NULL,Nia
NULL,Nichole
NULL,Nicole
NULL,Nicolette
NULL,Nikki
NULL,Nina
NULL,Noelia
NULL,Noelle
NULL,Noemi
NULL,Nora
NULL,Norma
NULL,Nya
NULL,Nyah
NULL,Nyasia
NULL,Nyla
NULL,Odalys
NULL,Olivia
NULL,Paige
NULL,Paloma
NULL,Pamela
NULL,Paola
NULL,Paris
NULL,Parker
NULL,Patience
NULL,Patricia
NULL,Paula
NULL,Paulina
NULL,Payton
NULL,Penelope
NULL,Perla
NULL,Peyton
NULL,Phoebe
NULL,Piper
NULL,Precious
NULL,Presley
NULL,Princess
NULL,Priscila
NULL,Priscilla
NULL,Quinn
NULL,Rachael
NULL,Rachel
NULL,Rachelle
NULL,Raegan
NULL,Raina
NULL,Raquel
NULL,Raven
NULL,Rayna
NULL,Reagan
NULL,Reanna
NULL,Rebeca
NULL,Rebecca
NULL,Rebekah
NULL,Reese
NULL,Regan
NULL,Regina
NULL,Reilly
NULL,Reina
NULL,Renee
NULL,Reyna
NULL,Rhiannon
NULL,Rianna
NULL,Riley
NULL,Rita
NULL,Riya
NULL,Robin
NULL,Robyn
NULL,Rocio
NULL,Rosa
NULL,Rose
NULL,Rosemary
NULL,Roxana
NULL,Ruby
NULL,Ruth
NULL,Ryan
NULL,Ryann
NULL,Rylee
NULL,Ryleigh
NULL,Rylie
NULL,Sabrina
NULL,Sade
NULL,Sadie
NULL,Sage
NULL,Saige
NULL,Sally
NULL,Salma
NULL,Samantha
NULL,Samara
NULL,Samira
NULL,Sandra
NULL,Sandy
NULL,Sara
NULL,Sarah
NULL,Sarahi
NULL,Sarai
NULL,Sarina
NULL,Sasha
NULL,Savana
NULL,Savanah
NULL,Savanna
NULL,Savannah
NULL,Scarlett
NULL,Selena
NULL,Selina
NULL,Serena
NULL,Serenity
NULL,Shakira
NULL,Shania
NULL,Shaniya
NULL,Shannon
NULL,Sharon
NULL,Shawna
NULL,Shayla
NULL,Shaylee
NULL,Shayna
NULL,Shea
NULL,Sheila
NULL,Shelby
NULL,Shirley
NULL,Shreya
NULL,Shyann
NULL,Shyanne
NULL,Sidney
NULL,Sienna
NULL,Sierra
NULL,Simone
NULL,Sky
NULL,Skye
NULL,Skyla
NULL,Skylar
NULL,Skyler
NULL,Sofia
NULL,Sonia
NULL,Sonya
NULL,Sophia
NULL,Sophie
NULL,Stacey
NULL,Stacy
NULL,Stella
NULL,Stephanie
NULL,Stephany
NULL,Summer
NULL,Susan
NULL,Susana
NULL,Sydnee
NULL,Sydney
NULL,Sydni
NULL,Sydnie
NULL,Sylvia
NULL,Tabitha
NULL,Talia
NULL,Taliyah
NULL,Tamara
NULL,Tamia
NULL,Tania
NULL,Taniya
NULL,Tanya
NULL,Tara
NULL,Taryn
NULL,Tatiana
NULL,Tatum
NULL,Tatyana
NULL,Taya
NULL,Tayler
NULL,Taylor
NULL,Teagan
NULL,Teresa
NULL,Tess
NULL,Tessa
NULL,Thalia
NULL,Theresa
NULL,Tia
NULL,Tiana
NULL,Tianna
NULL,Tiara
NULL,Tierra
NULL,Tiffany
NULL,Tina
NULL,Toni
NULL,Tori
NULL,Tracy
NULL,Trinity
NULL,Trista
NULL,Tristan
NULL,Tyler
NULL,Tyra
NULL,Unique
NULL,Valentina
NULL,Valeria
NULL,Valerie
NULL,Vanesa
NULL,Vanessa
NULL,Veronica
NULL,Victoria
NULL,Violet
NULL,Virginia
NULL,Vivian
NULL,Viviana
NULL,Wendy
NULL,Whitney
NULL,Willow
NULL,Ximena
NULL,Xiomara
NULL,Yadira
NULL,Yasmin
NULL,Yasmine
NULL,Yazmin
NULL,Yesenia
NULL,Yessenia
NULL,Yolanda
NULL,Yuliana
NULL,Yvette
NULL,Yvonne
NULL,Zaria
NULL,Zoe
NULL,Zoey
NULL,Zoie
