NULL,Acel
NULL,Adrien
NULL,Advent
NULL,Agrican
NULL,Alain
NULL,Albaric
NULL,Aldrich
NULL,Aldrick
NULL,Aleron
NULL,Alexandre
NULL,Algernon
NULL,Algrenon
NULL,Aloin
NULL,Aluin
NULL,Amaud
NULL,Amaury
NULL,Ames
NULL,Amo
NULL,Amou
NULL,Amoux
NULL,Anatole
NULL,Ancil
NULL,Andre
NULL,Andy
NULL,Ansel
NULL,Ansell
NULL,Antoine
NULL,Aramis
NULL,Arber
NULL,Archaimbaud
NULL,Archambault
NULL,Archard
NULL,Archenhaud
NULL,Archer
NULL,Aribert
NULL,Armand
NULL,Armande
NULL,Arnaud
NULL,Aron
NULL,Artus
NULL,Aubin
NULL,Aubrey
NULL,Aubry
NULL,Audric
NULL,Augustin
NULL,Auhert
NULL,Aurélien
NULL,Auriville
NULL,Austen
NULL,Austin
NULL,Austyn
NULL,Avenall
NULL,Aveneil
NULL,Avenelle
NULL,Avent
NULL,Avery
NULL,Bailey
NULL,Baron
NULL,Barrie
NULL,Barry
NULL,Bartlett
NULL,Bay
NULL,Bayard
NULL,Baylen
NULL,Bayley
NULL,Beal
NULL,Beale
NULL,Beall
NULL,Beau
NULL,Beaufort
NULL,Beauregard
NULL,Beauvais
NULL,Bell
NULL,Bellamy
NULL,Bernard
NULL,Bernie
NULL,Berny
NULL,Bertrand
NULL,Bevis
NULL,Blais
NULL,Blaisdell
NULL,Blaise
NULL,Blaize
NULL,Blase
NULL,Blayze
NULL,Blaze
NULL,Boone
NULL,Boyce
NULL,Brice
NULL,Bruce
NULL,Brunelle
NULL,Bryant
NULL,Brys
NULL,Buiron
NULL,Burcet
NULL,Burdett
NULL,Burdette
NULL,Burel
NULL,Carel
NULL,Carolos
NULL,Carolus
NULL,Carvell
NULL,Cearbhall
NULL,Chance
NULL,Chandler
NULL,Chane
NULL,Chaney
NULL,Chanler
NULL,Channing
NULL,Chapin
NULL,Chappel
NULL,Chappell
NULL,Charles
NULL,Charlot
NULL,Chaunce
NULL,Chauncey
NULL,Chauncy
NULL,Chayne
NULL,Cheney
NULL,Cheval
NULL,Chevalier
NULL,Chevell
NULL,Chevy
NULL,Cheyne
NULL,Choncey
NULL,Christien
NULL,Christofor
NULL,Christophe
NULL,Clovis
NULL,Colan
NULL,Colbert
NULL,Colbey
NULL,Collin
NULL,Collins
NULL,Colyn
NULL,Corben
NULL,Corbett
NULL,Corbin
NULL,Corby
NULL,Corbyn
NULL,Cort
NULL,Cortland
NULL,Corvin
NULL,Court
NULL,Courtenay
NULL,Courtland
NULL,Courtnay
NULL,Courtney
NULL,Coyan
NULL,Coyne
NULL,Cretien
NULL,Curcio
NULL,Curt
NULL,Curtice
NULL,Curtis
NULL,Curtiss
NULL,Cyrano
NULL,Dace
NULL,Dacey
NULL,Dacian
NULL,Daine
NULL,Damien
NULL,Danniell
NULL,Danton
NULL,D'anton
NULL,Darcel
NULL,Darcell
NULL,Darcio
NULL,Darcy
NULL,D'Arcy
NULL,D'arcy
NULL,Dareau
NULL,Dariel
NULL,Dariell
NULL,Darrell
NULL,Darroll
NULL,Darryl
NULL,Dartagnan
NULL,Darvell
NULL,Dash
NULL,Dashiell
NULL,Davet
NULL,Davin
NULL,Dax
NULL,Dayne
NULL,Del
NULL,Delaine
NULL,Delancy
NULL,Delane
NULL,Delaney
NULL,Delano
NULL,Delmar
NULL,Delmer
NULL,Delmon
NULL,Delmont
NULL,Delmore
NULL,Delray
NULL,Delrick
NULL,Delrico
NULL,Delron
NULL,Delroy
NULL,Denis
NULL,Dennet
NULL,Dennis
NULL,Denver
NULL,Denys
NULL,Deon
NULL,Derell
NULL,Derrall
NULL,Derrell
NULL,Derrill
NULL,Destan
NULL,Destin
NULL,Deston
NULL,Destrey
NULL,Destrie
NULL,Destry
NULL,Deveral
NULL,Devere
NULL,Devereau
NULL,Devereaux
NULL,Deverel
NULL,Deverell
NULL,Deverick
NULL,Devery
NULL,Devin
NULL,Devry
NULL,Diandre
NULL,Didier
NULL,Dilan
NULL,Dillen
NULL,Dillon
NULL,Dion
NULL,Diondre
NULL,Dionte
NULL,Dix
NULL,Donatien
NULL,Dondre
NULL,Drago
NULL,Dru
NULL,Dumont
NULL,Duran
NULL,Durand
NULL,Durango
NULL,Durant
NULL,Durante
NULL,Dureau
NULL,Duron
NULL,Durrant
NULL,Duval
NULL,Edgard
NULL,Edmon
NULL,Edmond
NULL,Edmund
NULL,Edmundo
NULL,Eduard
NULL,Eliot
NULL,Eliott
NULL,Elliot
NULL,Eloy
NULL,Emile
NULL,Eriq
NULL,Etienne
NULL,Etienne
NULL,Fabien
NULL,Fernand
NULL,Fitz
NULL,Fletcher
NULL,Florus
NULL,Fontaine
NULL,Fontane
NULL,Fontayne
NULL,Fonteyne
NULL,Forrest
NULL,Fortun
NULL,Fortune
NULL,Francois
NULL,Frank
NULL,Frankie
NULL,Franky
NULL,Frederic
NULL,Freman
NULL,Fremont
NULL,Gace
NULL,Gaetan
NULL,Gage
NULL,Gaillard
NULL,Garan
NULL,Gard
NULL,Gardiner
NULL,Garen
NULL,Garin
NULL,Garion
NULL,Garlan
NULL,Garland
NULL,Garlen
NULL,Garlyn
NULL,Garnell
NULL,Garner
NULL,Garnet
NULL,Garon
NULL,Garren
NULL,Garrin
NULL,Garron
NULL,Gascon
NULL,Gaspar
NULL,Gaspard
NULL,Gaston
NULL,Gauthier
NULL,Gautier
NULL,Gaylord
NULL,Geffrey
NULL,Geoff
NULL,Geoffrey
NULL,Gerard
NULL,Germain
NULL,Germano
NULL,Geron
NULL,Gerrard
NULL,Gifford
NULL,Gil
NULL,Gilbert
NULL,Gill
NULL,Gilles
NULL,Granville
NULL,Grenville
NULL,Grosvenor
NULL,Guifford
NULL,Guillaume
NULL,Gustav
NULL,Gustave
NULL,Guy
NULL,Hamilton
NULL,Harbin
NULL,Harcourt
NULL,Hardouin
NULL,Harman
NULL,Harmen
NULL,Harmon
NULL,Harvey
NULL,Henri
NULL,Henri
NULL,Henry
NULL,Herbert
NULL,Herve
NULL,Hugh
NULL,Ignace
NULL,Iven
NULL,Jacqueleen
NULL,Jacquelin
NULL,Jacques
NULL,Jasmin
NULL,Jasper
NULL,Javier
NULL,Jay
NULL,Jaye
NULL,Jean
NULL,JeanBaptiste
NULL,Jeffrey
NULL,Jeoffroi
NULL,Jerard
NULL,Jesper
NULL,Johnn
NULL,Johnnie
NULL,Johnny
NULL,John-paul
NULL,Johnson
NULL,Jolie
NULL,Jon
NULL,Jonn
NULL,Jonnie
NULL,Jorden
NULL,Jordon
NULL,Jourdan
NULL,Joy
NULL,Joyanna
NULL,Jules
NULL,Julian
NULL,Julien
NULL,Julius
NULL,Jullien
NULL,Justin
NULL,Kaarle
NULL,Kaarlo
NULL,Kalle
NULL,Kalman
NULL,Karcsi
NULL,Karel
NULL,Kari
NULL,Karl
NULL,Karlens
NULL,Karlis
NULL,Karlitis
NULL,Karoly
NULL,Kerman
NULL,Lafayette
NULL,Lamar
NULL,Lamarr
NULL,Lance
NULL,Lancelin
NULL,Lancelot
NULL,Landers
NULL,Landis
NULL,Langley
NULL,L'Angley
NULL,Laramie
NULL,Larue
NULL,Lasalle
NULL,Latimer
NULL,Launcelot
NULL,Laurence
NULL,Laurent
NULL,Leal
NULL,Leandre
NULL,Leeroy
NULL,Legget
NULL,Lenard
NULL,Lennard
NULL,Leocadie
NULL,Leodegrance
NULL,Leon
NULL,Leonard
NULL,Leonce
NULL,Leone
NULL,Leonore
NULL,Leroi
NULL,Leron
NULL,Leroux
NULL,Leroy
NULL,Leveret
NULL,Leverett
NULL,Lionel
NULL,Lionell
NULL,Lisle
NULL,Lonell
NULL,Lonnell
NULL,Loring
NULL,Lothair
NULL,Louie
NULL,Louis
NULL,Louvel
NULL,Lovell
NULL,Lowe
NULL,Lowell
NULL,Loyal
NULL,Luc
NULL,Lucian
NULL,Lucien
NULL,Ludovic
NULL,Lyle
NULL,Madelon
NULL,Mahieu
NULL,Mailhairer
NULL,Malleville
NULL,Mallory
NULL,Mandel
NULL,Manneville
NULL,Mantel
NULL,Manville
NULL,Marc
NULL,Marceau
NULL,Marcel
NULL,Markey
NULL,Marlon
NULL,Marmion
NULL,Marq
NULL,Marque
NULL,Marquis
NULL,Marsh
NULL,Marshal
NULL,Marshall
NULL,Maslin
NULL,Mason
NULL,Masselin
NULL,Masson
NULL,Matthieu
NULL,Maurice
NULL,Maxence
NULL,Maxime
NULL,Mayhew
NULL,Maynard
NULL,Mayne
NULL,Maynor
NULL,Melville
NULL,Mercer
NULL,Merla
NULL,Merle
NULL,Merlin
NULL,Merlion
NULL,Michel
NULL,Michele
NULL,Mikel
NULL,Millard
NULL,Miquel
NULL,Montague
NULL,Montaigu
NULL,Montaine
NULL,Montgomery
NULL,Moor
NULL,Moore
NULL,More
NULL,Morell
NULL,Nann
NULL,Napoleon
NULL,Napoleon
NULL,Nathanael
NULL,Neuveville
NULL,Neville
NULL,Nichol
NULL,Nicolas
NULL,Noel
NULL,Noell
NULL,Noreis
NULL,Norice
NULL,Norm
NULL,Norman
NULL,Normand
NULL,Norris
NULL,Nouel
NULL,Octave
NULL,Odo
NULL,Olivier
NULL,Onfroi
NULL,ONille
NULL,Orson
NULL,Orvelle
NULL,Orvil
NULL,Orville
NULL,Ourson
NULL,Padgett
NULL,Page
NULL,Paget
NULL,Paien
NULL,Paige
NULL,Parfait
NULL,Paris
NULL,Pascal
NULL,Pascual
NULL,Pasquale
NULL,Patric
NULL,Paul
NULL,Pepperell
NULL,Peppin
NULL,Perceval
NULL,Percival
NULL,Percy
NULL,Perren
NULL,Perrin
NULL,Perry
NULL,Perryn
NULL,Peverell
NULL,Philip
NULL,Philippe
NULL,Phillipe
NULL,Pierpont
NULL,Pierre
NULL,Pierrepont
NULL,Piers
NULL,Piperel
NULL,Pippin
NULL,Plat
NULL,Platt
NULL,Pomeroy
NULL,Pommelraie
NULL,Porter
NULL,Porteur
NULL,Portier
NULL,Preruet
NULL,Prewitt
NULL,Priour
NULL,Pruet
NULL,Pruie
NULL,Pruitt
NULL,Pryor
NULL,Quennel
NULL,Quent
NULL,Quentin
NULL,Quenton
NULL,Quentrell
NULL,Quesnel
NULL,Quincey
NULL,Quincy
NULL,Quint
NULL,Quinton
NULL,Quintrell
NULL,Raimond
NULL,Raimundo
NULL,Rainger
NULL,Rainier
NULL,Rainier
NULL,Ramond
NULL,Ranger
NULL,Ranier
NULL,Raoul
NULL,Ray
NULL,Rayce
NULL,Rayder
NULL,Raydon
NULL,Rayford
NULL,Raylen
NULL,Raymond
NULL,Raymund
NULL,Raymundo
NULL,Raynard
NULL,Raynell
NULL,Remi
NULL,Remy
NULL,Renard
NULL,Rene
NULL,Renne
NULL,Rennie
NULL,Renny
NULL,Reule
NULL,Reve
NULL,Rey
NULL,Reymond
NULL,Reymundo
NULL,Reynard
NULL,Ricard
NULL,Richard
NULL,Richardo
NULL,Rique
NULL,Rob
NULL,Robb
NULL,Robbie
NULL,Robby
NULL,Robert
NULL,Roch
NULL,Roche
NULL,Rocke
NULL,Rodel
NULL,Rodell
NULL,Roel
NULL,Roi
NULL,Roland
NULL,Rolando
NULL,Rollan
NULL,Rolland
NULL,Rollie
NULL,Rollo
NULL,Romain
NULL,Roselin
NULL,Rousse
NULL,Roussel
NULL,Rousset
NULL,Rousskin
NULL,Rowland
NULL,Roy
NULL,Royal
NULL,Royce
NULL,Royce
NULL,Royden
NULL,Ruelle
NULL,Ruff
NULL,Ruffe
NULL,Rui
NULL,Rule
NULL,Rupert
NULL,Rush
NULL,Rushe
NULL,Rushkin
NULL,Russ
NULL,Russ
NULL,Russel
NULL,Russell
NULL,Russell
NULL,Rust
NULL,Saber
NULL,Saber
NULL,Sage
NULL,Sargent
NULL,Sargent
NULL,Satordi
NULL,Sauville
NULL,Saville
NULL,Searlas
NULL,Searle
NULL,Searlus
NULL,Sebastien
NULL,Seignour
NULL,Senet
NULL,Senior
NULL,Sennet
NULL,Severin
NULL,Sevrin
NULL,Seymour
NULL,Sid
NULL,Sidney
NULL,Silvain
NULL,Silvestre
NULL,Sinclair
NULL,Sinclaire
NULL,Sinjin
NULL,Somer
NULL,Somerville
NULL,Sorel
NULL,Soren
NULL,Sorrell
NULL,Stephan
NULL,Sumarville
NULL,Sumner
NULL,Syd
NULL,Sydney
NULL,Taillefer
NULL,Talbot
NULL,Talehot
NULL,Talon
NULL,Tavin
NULL,Taylor
NULL,Tearlach
NULL,Telfer
NULL,Telfor
NULL,Telford
NULL,Telfour
NULL,Theron
NULL,Therron
NULL,Thibaud
NULL,Thieny
NULL,Thierry
NULL,Thiery
NULL,Tibault
NULL,Toussnint
NULL,Trace
NULL,Tracy
NULL,Travers
NULL,Travis
NULL,Treves
NULL,Tristan
NULL,Tristen
NULL,Tristian
NULL,Tristin
NULL,Troy
NULL,Troyes
NULL,Turner
NULL,Tyce
NULL,Tyeis
NULL,Tyeson
NULL,Tyson
NULL,Vachel
NULL,Vail
NULL,Valiant
NULL,Vallis
NULL,Vallois
NULL,Vardan
NULL,Varden
NULL,Vardon
NULL,Vayle
NULL,Verddun
NULL,Verdell
NULL,Verel
NULL,Vern
NULL,Vernay
NULL,Verne
NULL,Vernell
NULL,Verney
NULL,Vernon
NULL,Verrall
NULL,Verrell
NULL,Verrill
NULL,Verrill
NULL,Veryl
NULL,Vic
NULL,Vick
NULL,Vicq
NULL,Vidal
NULL,Videl
NULL,Warrane
NULL,Wiatt
NULL,William
NULL,Yves
NULL,Yvet
NULL,Yvon
