NULL,Abadie
NULL,Abbe
NULL,Achille
NULL,Acord
NULL,Acy
NULL,Adrian
NULL,Adrien
NULL,Agard
NULL,Agee
NULL,Agen
NULL,Agent
NULL,Ager
NULL,Aguillard
NULL,Aguillon
NULL,Aide
NULL,Aime
NULL,Airoldi
NULL,Alarie
NULL,Alban
NULL,Albert
NULL,Albin
NULL,Alexandre
NULL,Alexis
NULL,Alice
NULL,Alix
NULL,Allaire
NULL,Allard
NULL,Alleman
NULL,Allemand
NULL,Allender
NULL,Allie
NULL,Allore
NULL,Ally
NULL,Alphonse
NULL,Altier
NULL,Amar
NULL,Ambroise
NULL,Amedee
NULL,Amiel
NULL,Amiot
NULL,Amirault
NULL,Amrhein
NULL,Amy
NULL,Amyot
NULL,Amyx
NULL,Ancar
NULL,Ancel
NULL,Ancelet
NULL,Anctil
NULL,Andler
NULL,Andre
NULL,Andrepont
NULL,Andreu
NULL,Andry
NULL,Ange
NULL,Angelle
NULL,Anger
NULL,Angers
NULL,Angevine
NULL,Angier
NULL,Angles
NULL,Ansel
NULL,Antaya
NULL,Antill
NULL,Antin
NULL,Antoine
NULL,Apostol
NULL,Arabie
NULL,Aragon
NULL,Arave
NULL,Arbogast
NULL,Arbour
NULL,Arcand
NULL,Arcement
NULL,Archambault
NULL,Archambeau
NULL,Archambeault
NULL,Archibeque
NULL,Ardoin
NULL,Ariail
NULL,Aries
NULL,Aris
NULL,Armand
NULL,Armel
NULL,Armendariz
NULL,Arment
NULL,Arnaud
NULL,Arnette
NULL,Arnoult
NULL,Arpin
NULL,Arquette
NULL,Arras
NULL,Arsenault
NULL,Arseneau
NULL,Arseneault
NULL,Arthur
NULL,Artigue
NULL,Artis
NULL,Artus
NULL,Asselin
NULL,Ast
NULL,Astor
NULL,Aube
NULL,Aubel
NULL,Aubert
NULL,Aubertin
NULL,Aubin
NULL,Aubuchon
NULL,Aubut
NULL,Auch
NULL,Auclair
NULL,Aucoin
NULL,Aude
NULL,Audet
NULL,Audibert
NULL,Auge
NULL,Auger
NULL,Auguste
NULL,Augustin
NULL,Aurand
NULL,Austgen
NULL,Austin
NULL,Authement
NULL,Authier
NULL,Autin
NULL,Auton
NULL,Autry
NULL,Auxier
NULL,Auzenne
NULL,Ave
NULL,Avis
NULL,Avril
NULL,Aydelotte
NULL,Aymond
NULL,Ayon
NULL,Babel
NULL,Babin
NULL,Babineau
NULL,Babineaux
NULL,Bable
NULL,Bacha
NULL,Bachand
NULL,Bache
NULL,Bacon
NULL,Bacot
NULL,Badeau
NULL,Badeaux
NULL,Bader
NULL,Badie
NULL,Badon
NULL,Badour
NULL,Bady
NULL,Baillargeon
NULL,Bailly
NULL,Bain
NULL,Baine
NULL,Baise
NULL,Baize
NULL,Bal
NULL,Balay
NULL,Balestra
NULL,Balli
NULL,Ballin
NULL,Ballinger
NULL,Ballou
NULL,Bally
NULL,Balon
NULL,Bandemer
NULL,Banet
NULL,Banse
NULL,Banville
NULL,Baptiste
NULL,Bara
NULL,Barba
NULL,Barbary
NULL,Barbe
NULL,Barbeau
NULL,Barbier
NULL,Barbin
NULL,Bard
NULL,Bardes
NULL,Bardin
NULL,Bardon
NULL,Bardy
NULL,Barge
NULL,Bargeron
NULL,Baribeau
NULL,Baril
NULL,Barineau
NULL,Barnaba
NULL,Barnard
NULL,Barnes
NULL,Barnet
NULL,Barnette
NULL,Barnier
NULL,Baron
NULL,Barousse
NULL,Barra
NULL,Barrand
NULL,Barras
NULL,Barre
NULL,Barreau
NULL,Barrere
NULL,Barret
NULL,Barrier
NULL,Barriere
NULL,Barrineau
NULL,Barsalou
NULL,Barse
NULL,Barteau
NULL,Barthe
NULL,Barthelemy
NULL,Basil
NULL,Basile
NULL,Basque
NULL,Basse
NULL,Bassin
NULL,Bast
NULL,Bastarache
NULL,Basten
NULL,Bastian
NULL,Bastien
NULL,Bastin
NULL,Bastion
NULL,Baston
NULL,Bataille
NULL,Batiste
NULL,Baton
NULL,Batton
NULL,Bau
NULL,Baudhuin
NULL,Baudin
NULL,Baudoin
NULL,Bault
NULL,Baune
NULL,Baute
NULL,Baxa
NULL,Bay
NULL,Bayard
NULL,Bayle
NULL,Bayne
NULL,Baze
NULL,Bazil
NULL,Bazile
NULL,Bazin
NULL,Bazinet
NULL,Beal
NULL,Beatrice
NULL,Beau
NULL,Beaubien
NULL,Beaucage
NULL,Beauchamp
NULL,Beauchemin
NULL,Beauchene
NULL,Beauchesne
NULL,Beaudet
NULL,Beaudin
NULL,Beaudoin
NULL,Beaudreau
NULL,Beaudrie
NULL,Beaudry
NULL,Beaufort
NULL,Beaulac
NULL,Beaulieu
NULL,Beaumier
NULL,Beaumont
NULL,Beauparlant
NULL,Beaupre
NULL,Beauregard
NULL,Beausoleil
NULL,Beauvais
NULL,Bebeau
NULL,Becotte
NULL,Bedard
NULL,Bedel
NULL,Befort
NULL,Beger
NULL,Begnaud
NULL,Begnoche
NULL,Begue
NULL,Behre
NULL,Beiriger
NULL,Bel
NULL,Belair
NULL,Belaire
NULL,Belan
NULL,Beland
NULL,Belanger
NULL,Belcourt
NULL,Belgard
NULL,Belgarde
NULL,Belhumeur
NULL,Belisle
NULL,Beliveau
NULL,Belizaire
NULL,Bellaire
NULL,Bellamy
NULL,Belland
NULL,Bellanger
NULL,Bellard
NULL,Bellavance
NULL,Belle
NULL,Belleau
NULL,Bellefeuille
NULL,Bellefleur
NULL,Belle-Isle
NULL,Bellenger
NULL,Bellerive
NULL,Bellerose
NULL,Bellet
NULL,Belleville
NULL,Bellin
NULL,Bellinger
NULL,Belliveau
NULL,Bellon
NULL,Beloin
NULL,Belot
NULL,Belrose
NULL,Beltram
NULL,Beltran
NULL,Belval
NULL,Belville
NULL,Belyeu
NULL,Benac
NULL,Benard
NULL,Bence
NULL,Benda
NULL,Beni
NULL,Benjamin
NULL,Benne
NULL,Benoit
NULL,Bense
NULL,Berard
NULL,Bercegeay
NULL,Bercier
NULL,Berge
NULL,Berger
NULL,Bergeron
NULL,Berges
NULL,Bergevin
NULL,Beringer
NULL,Berland
NULL,Bernabe
NULL,Bernard
NULL,Bernardin
NULL,Bernardy
NULL,Bernas
NULL,Bernat
NULL,Berne
NULL,Bernet
NULL,Berney
NULL,Bernier
NULL,Bernot
NULL,Bero
NULL,Beron
NULL,Berrett
NULL,Berrien
NULL,Berrier
NULL,Berry
NULL,Bert
NULL,Berte
NULL,Berteau
NULL,Bertel
NULL,Berthelot
NULL,Berthiaume
NULL,Bertin
NULL,Bertolet
NULL,Berton
NULL,Bertram
NULL,Bertran
NULL,Bertrand
NULL,Berube
NULL,Besancon
NULL,Besse
NULL,Bessett
NULL,Bessette
NULL,Bessey
NULL,Besson
NULL,Best
NULL,Beste
NULL,Bethune
NULL,Betit
NULL,Bettencourt
NULL,Bettinger
NULL,Bevard
NULL,Bevier
NULL,Bevill
NULL,Beville
NULL,Bex
NULL,Bey
NULL,Bias
NULL,Bibeau
NULL,Bibeault
NULL,Bickert
NULL,Bien-Aime
NULL,Bienvenu
NULL,Bienvenue
NULL,Billadeau
NULL,Billard
NULL,Billeaud
NULL,Billet
NULL,Billey
NULL,Billiet
NULL,Billotte
NULL,Billy
NULL,Bilodeau
NULL,Binda
NULL,Biringer
NULL,Biron
NULL,Birr
NULL,Birrer
NULL,Bisaillon
NULL,Bise
NULL,Bisset
NULL,Bissett
NULL,Bisson
NULL,Bissonette
NULL,Bistodeau
NULL,Bizier
NULL,Blache
NULL,Blacher
NULL,Blais
NULL,Blaise
NULL,Blan
NULL,Blanc
NULL,Blanch
NULL,Blanchard
NULL,Blanche
NULL,Blancher
NULL,Blanchet
NULL,Blanchette
NULL,Bland
NULL,Blandin
NULL,Blasi
NULL,Blasier
NULL,Bleau
NULL,Blier
NULL,Blois
NULL,Blond
NULL,Blondeau
NULL,Blondin
NULL,Blouin
NULL,Bloyer
NULL,Bobier
NULL,Boche
NULL,Bodin
NULL,Bodine
NULL,Body
NULL,Bohen
NULL,Boicourt
NULL,Boileau
NULL,Boire
NULL,Bois
NULL,Boisclair
NULL,Boisse
NULL,Boisseau
NULL,Boisselle
NULL,Boisvert
NULL,Boiter
NULL,Boivin
NULL,Bol
NULL,Bolduc
NULL,Bollard
NULL,Bollier
NULL,Bombard
NULL,Bombardier
NULL,Bomboy
NULL,Bon
NULL,Bonaventure
NULL,Bondurant
NULL,Bonenfant
NULL,Bonet
NULL,Bongard
NULL,Bonhomme
NULL,Boniface
NULL,Bonifay
NULL,Bonin
NULL,Bonjour
NULL,Bonne
NULL,Bonneau
NULL,Bonnet
NULL,Bonneville
NULL,Bonney
NULL,Bonnin
NULL,Bonnot
NULL,Bonny
NULL,Bonson
NULL,Bonte
NULL,Bonus
NULL,Bonvillain
NULL,Bonville
NULL,Borde
NULL,Bordeau
NULL,Bordeaux
NULL,Bordeleau
NULL,Bordelon
NULL,Bordenave
NULL,Bordes
NULL,Bordon
NULL,Borel
NULL,Borgatti
NULL,Borie
NULL,Borne
NULL,Boron
NULL,Borr
NULL,Borra
NULL,Borre
NULL,Bos
NULL,Bosarge
NULL,Bose
NULL,Boshers
NULL,Bosier
NULL,Bossard
NULL,Bossart
NULL,Bosse
NULL,Bossie
NULL,Bossier
NULL,Bosson
NULL,Bost
NULL,Botte
NULL,Bou
NULL,Bouchard
NULL,Bouche
NULL,Boucher
NULL,Bouchey
NULL,Bouchie
NULL,Bouchillon
NULL,Boudinot
NULL,Boudoin
NULL,Boudrot
NULL,Bouffard
NULL,Bougie
NULL,Bouillion
NULL,Bouillon
NULL,Boulais
NULL,Boulanger
NULL,Boulay
NULL,Boule
NULL,Boulet
NULL,Bouley
NULL,Boulier
NULL,Bouquet
NULL,Bour
NULL,Bouras
NULL,Bourassa
NULL,Bourbeau
NULL,Bourbon
NULL,Bourbonnais
NULL,Bourcier
NULL,Bourdage
NULL,Bourdon
NULL,Bourg
NULL,Bourgault
NULL,Bourgeois
NULL,Bourget
NULL,Bourgoin
NULL,Bourguignon
NULL,Bournival
NULL,Bourque
NULL,Bourquin
NULL,Bourret
NULL,Bousquet
NULL,Boutell
NULL,Boutet
NULL,Bouthillette
NULL,Bouthillier
NULL,Boutiette
NULL,Boutilier
NULL,Boutin
NULL,Bouton
NULL,Boutte
NULL,Bouvier
NULL,Bouyer
NULL,Bovee
NULL,Bovell
NULL,Boy
NULL,Boyette
NULL,Boysel
NULL,Braband
NULL,Brabazon
NULL,Brais
NULL,Braley
NULL,Brallier
NULL,Bram
NULL,Brame
NULL,Branche
NULL,Brandon
NULL,Brashear
NULL,Brasher
NULL,Brasier
NULL,Brassard
NULL,Brassel
NULL,Brasseur
NULL,Brau
NULL,Braud
NULL,Brault
NULL,Bravard
NULL,Brave
NULL,Brazeau
NULL,Brazier
NULL,Breard
NULL,Breau
NULL,Breaud
NULL,Breault
NULL,Breaux
NULL,Breland
NULL,Breon
NULL,Bresett
NULL,Bresette
NULL,Bressan
NULL,Bresson
NULL,Breton
NULL,Brett
NULL,Brevard
NULL,Brian
NULL,Briand
NULL,Briant
NULL,Brice
NULL,Brideau
NULL,Brief
NULL,Brien
NULL,Briere
NULL,Brignac
NULL,Brillant
NULL,Brillon
NULL,Brin
NULL,Brindamour
NULL,Brint
NULL,Brion
NULL,Brisbois
NULL,Brissett
NULL,Brissette
NULL,Brisson
NULL,Broce
NULL,Brochu
NULL,Brodeur
NULL,Brossard
NULL,Brosseau
NULL,Brossette
NULL,Brouhard
NULL,Brouillard
NULL,Brouillet
NULL,Brouse
NULL,Broussard
NULL,Brousseau
NULL,Brule
NULL,Bruley
NULL,Brun
NULL,Brune
NULL,Bruneau
NULL,Brunelle
NULL,Brunet
NULL,Brunett
NULL,Brunette
NULL,Brunot
NULL,Brus
NULL,Brusse
NULL,Brussel
NULL,Brust
NULL,Bruyere
NULL,Bry
NULL,Brye
NULL,Buche
NULL,Bucher
NULL,Bui
NULL,Buis
NULL,Buisson
NULL,Bujold
NULL,Buote
NULL,Bur
NULL,Burdett
NULL,Burdette
NULL,Burdin
NULL,Burditt
NULL,Bureau
NULL,Burel
NULL,Burgy
NULL,Burnet
NULL,Burnette
NULL,Buron
NULL,Burpee
NULL,Bury
NULL,Bussiere
NULL,Buteau
NULL,Buysse
NULL,Cabal
NULL,Caban
NULL,Cabaniss
NULL,Cabot
NULL,Cade
NULL,Cadet
NULL,Cadieux
NULL,Cadoret
NULL,Cail
NULL,Caillier
NULL,Caillouet
NULL,Cain
NULL,Caine
NULL,Caire
NULL,Caires
NULL,Caisse
NULL,Caissie
NULL,Calais
NULL,Calaman
NULL,Calame
NULL,Cale
NULL,Cales
NULL,Calixte
NULL,Callais
NULL,Calland
NULL,Calle
NULL,Callens
NULL,Callier
NULL,Callies
NULL,Callon
NULL,Calman
NULL,Calvin
NULL,Camba
NULL,Cambre
NULL,Cambron
NULL,Camel
NULL,Camille
NULL,Camp
NULL,Campeau
NULL,Campion
NULL,Camps
NULL,Camus
NULL,Can
NULL,Canard
NULL,Cancel
NULL,Cancienne
NULL,Cane
NULL,Cange
NULL,Canion
NULL,Canipe
NULL,Cantillon
NULL,Cantin
NULL,Canton
NULL,Cantor
NULL,Cantrell
NULL,Cantrelle
NULL,Canuel
NULL,Cap
NULL,Cape
NULL,Capel
NULL,Capelle
NULL,Capistrant
NULL,Capon
NULL,Cappon
NULL,Capron
NULL,Car
NULL,Carbine
NULL,Carbon
NULL,Carbonell
NULL,Carbonneau
NULL,Cardin
NULL,Cardinal
NULL,Cardon
NULL,Carel
NULL,Carignan
NULL,Cariveau
NULL,Carle
NULL,Carlier
NULL,Carlin
NULL,Carmel
NULL,Carmin
NULL,Carmouche
NULL,Carnal
NULL,Carne
NULL,Caron
NULL,Carpentier
NULL,Carre
NULL,Carreau
NULL,Carrel
NULL,Carrere
NULL,Carrie
NULL,Carrier
NULL,Carriere
NULL,Carriveau
NULL,Carron
NULL,Cart
NULL,Carte
NULL,Cartier
NULL,Carton
NULL,Carufel
NULL,Carville
NULL,Casavant
NULL,Casbon
NULL,Casimir
NULL,Cassin
NULL,Castel
NULL,Castile
NULL,Castille
NULL,Castillon
NULL,Castonguay
NULL,Catherine
NULL,Caton
NULL,Cauchon
NULL,Cavalier
NULL,Cave
NULL,Caver
NULL,Cavett
NULL,Cavin
NULL,Cay
NULL,Caya
NULL,Caye
NULL,Cayer
NULL,Caza
NULL,Cazes
NULL,Cazier
NULL,Cedotal
NULL,Celeste
NULL,Celestin
NULL,Cenac
NULL,Cerf
NULL,Cerise
NULL,Cerne
NULL,Cerny
NULL,Certain
NULL,Cessna
NULL,Chabot
NULL,Chachere
NULL,Chagnon
NULL,Chaille
NULL,Chain
NULL,Chalifour
NULL,Chaloux
NULL,Cham
NULL,Chamberlin
NULL,Champ
NULL,Champagne
NULL,Champeau
NULL,Champigny
NULL,Champion
NULL,Champlain
NULL,Champoux
NULL,Chancy
NULL,Chandonnet
NULL,Chaney
NULL,Chant
NULL,Chapdelaine
NULL,Chapel
NULL,Chapelle
NULL,Chapin
NULL,Chaplin
NULL,Chappelle
NULL,Chappuis
NULL,Chaput
NULL,Char
NULL,Charbonneau
NULL,Charbonnet
NULL,Chard
NULL,Charest
NULL,Charette
NULL,Charland
NULL,Charlebois
NULL,Charles
NULL,Charleson
NULL,Charlet
NULL,Charleville
NULL,Charley
NULL,Charlier
NULL,Charlot
NULL,Charney
NULL,Charon
NULL,Charpentier
NULL,Charrette
NULL,Charrier
NULL,Charron
NULL,Charter
NULL,Chartier
NULL,Charton
NULL,Chartrand
NULL,Charvet
NULL,Chase
NULL,Chasse
NULL,Chastain
NULL,Chastang
NULL,Chatagnier
NULL,Chateau
NULL,Chatel
NULL,Chatelain
NULL,Chaudoir
NULL,Chaumont
NULL,Chausse
NULL,Chaussee
NULL,Chauvette
NULL,Chauvin
NULL,Chavanne
NULL,Chavarin
NULL,Chayer
NULL,Chenard
NULL,Chenault
NULL,Chene
NULL,Chenevert
NULL,Cheney
NULL,Chenier
NULL,Chenot
NULL,Cherrier
NULL,Cherubin
NULL,Chery
NULL,Chesney
NULL,Chesson
NULL,Chestang
NULL,Cheuvront
NULL,Chevalier
NULL,Chevallier
NULL,Chevrette
NULL,Chevrier
NULL,Chez
NULL,Chiasson
NULL,Choiniere
NULL,Chopin
NULL,Choplin
NULL,Chouest
NULL,Chouinard
NULL,Chretien
NULL,Christel
NULL,Christian
NULL,Christin
NULL,Christine
NULL,Christophe
NULL,Cinq-Mars
NULL,Cisse
NULL,Cissna
NULL,Citron
NULL,Civil
NULL,Clabo
NULL,Clair
NULL,Claire
NULL,Clar
NULL,Clarin
NULL,Claud
NULL,Claude
NULL,Clavel
NULL,Claverie
NULL,Clavette
NULL,Clavier
NULL,Clemence
NULL,Clement
NULL,Cler
NULL,Clerc
NULL,Clermont
NULL,Cloe
NULL,Clos
NULL,Closson
NULL,Clouatre
NULL,Cloud
NULL,Clouthier
NULL,Cloutier
NULL,Clovis
NULL,Coard
NULL,Coco
NULL,Coderre
NULL,Coffin
NULL,Coin
NULL,Colan
NULL,Colas
NULL,Colbert
NULL,Colin
NULL,Collard
NULL,Colle
NULL,Collet
NULL,Collette
NULL,Collignon
NULL,Collin
NULL,Colomb
NULL,Colombe
NULL,Colvert
NULL,Comar
NULL,Comardelle
NULL,Combe
NULL,Combes
NULL,Comeau
NULL,Comes
NULL,Compas
NULL,Compere
NULL,Comte
NULL,Comtois
NULL,Conard
NULL,Condit
NULL,Constance
NULL,Constant
NULL,Constantin
NULL,Constantineau
NULL,Contant
NULL,Conte
NULL,Contee
NULL,Conter
NULL,Contois
NULL,Coppin
NULL,Corbeil
NULL,Corbin
NULL,Corby
NULL,Cordes
NULL,Cordier
NULL,Cordon
NULL,Cordonnier
NULL,Cormier
NULL,Corne
NULL,Corneau
NULL,Cornellier
NULL,Cornely
NULL,Cornet
NULL,Cornette
NULL,Corp
NULL,Cosme
NULL,Cosse
NULL,Cossette
NULL,Costa
NULL,Coste
NULL,Coston
NULL,Cote
NULL,Cotey
NULL,Cotnoir
NULL,Cotta
NULL,Cotterell
NULL,Cotton
NULL,Cottrell
NULL,Coty
NULL,Coudriet
NULL,Couillard
NULL,Coulombe
NULL,Coulon
NULL,Courchesne
NULL,Courcy
NULL,Courier
NULL,Cournoyer
NULL,Courson
NULL,Court
NULL,Courtade
NULL,Courtemanche
NULL,Courter
NULL,Courtier
NULL,Courtois
NULL,Courville
NULL,Coury
NULL,Cousin
NULL,Cousineau
NULL,Coutant
NULL,Coutu
NULL,Couture
NULL,Couturier
NULL,Couvillion
NULL,Covin
NULL,Coyer
NULL,Credeur
NULL,Credit
NULL,Crepeau
NULL,Creque
NULL,Crespin
NULL,Cressy
NULL,Crete
NULL,Crevier
NULL,Crispin
NULL,Crochet
NULL,Croissant
NULL,Cromer
NULL,Crose
NULL,Crosier
NULL,Croteau
NULL,Crotteau
NULL,Crozier
NULL,Cuny
NULL,Curbow
NULL,Curie
NULL,Current
NULL,Cuvelier
NULL,Cyr
NULL,Dagenais
NULL,Dages
NULL,Dague
NULL,Daignault
NULL,Daigneau
NULL,Daigneault
NULL,Daigre
NULL,Daigrepont
NULL,Dain
NULL,Daisley
NULL,Daisy
NULL,Dalin
NULL,Dallaire
NULL,Dally
NULL,Damas
NULL,Damboise
NULL,Dambrose
NULL,Dame
NULL,Dameron
NULL,Damery
NULL,Damian
NULL,Damien
NULL,Dandurand
NULL,Dane
NULL,Danger
NULL,Dangler
NULL,Daniel
NULL,Danis
NULL,Dann
NULL,Danna
NULL,Danos
NULL,Dansereau
NULL,Dant
NULL,Dantin
NULL,Danton
NULL,Daoust
NULL,Daquin
NULL,Darbonne
NULL,Dardenne
NULL,Darensbourg
NULL,Dargis
NULL,Darius
NULL,Darney
NULL,Daron
NULL,Darras
NULL,Darville
NULL,Daspit
NULL,Daudelin
NULL,Dault
NULL,Dauphin
NULL,Dauphinais
NULL,Dauphine
NULL,Dautel
NULL,Dauterive
NULL,Dauteuil
NULL,Dautrich
NULL,Dauzat
NULL,Davault
NULL,Davi
NULL,Daviau
NULL,David
NULL,Davignon
NULL,Davin
NULL,Davolt
NULL,Davy
NULL,Dax
NULL,Debaere
NULL,Debar
NULL,Debarge
NULL,Debauche
NULL,Deberry
NULL,Debes
NULL,Deblois
NULL,Deboe
NULL,Debois
NULL,Debord
NULL,Debree
NULL,Debrosse
NULL,Debroux
NULL,Debruler
NULL,Debs
NULL,Debus
NULL,Decelle
NULL,Decelles
NULL,Dechambeau
NULL,Dechant
NULL,Dechene
NULL,Decoste
NULL,Decoux
NULL,Decuir
NULL,Dedeaux
NULL,Defer
NULL,Deforest
NULL,Deforge
NULL,Defrain
NULL,Defrance
NULL,Degan
NULL,DeGeorge
NULL,Deger
NULL,DeGrace
NULL,Degrand
NULL,Degrange
NULL,DeGruy
NULL,Deguire
NULL,DeHay
NULL,Dejardin
NULL,Dejarnatt
NULL,Dejarnett
NULL,Dejarnette
NULL,Dejean
NULL,Dejoie
NULL,Delafosse
NULL,Delagardelle
NULL,Delage
NULL,DelaGrange
NULL,Delahoussaye
NULL,Delaine
NULL,Delane
NULL,DeLange
NULL,Delanoy
NULL,Delashmutt
NULL,Delatte
NULL,Delaune
NULL,Delaurier
NULL,Delavergne
NULL,Delaware
NULL,Delcambre
NULL,Delcamp
NULL,Delcour
NULL,DeLeon
NULL,Delfosse
NULL,Delin
NULL,Delise
NULL,Delisle
NULL,Delle
NULL,Delles
NULL,Dellis
NULL,Delmas
NULL,Deloge
NULL,Delon
NULL,Delong
NULL,Delorge
NULL,Delorme
NULL,Delos
NULL,Deloy
NULL,DelSol
NULL,Delva
NULL,Delvaux
NULL,Delwiche
NULL,Demain
NULL,Demaine
NULL,Deman
NULL,Demanche
NULL,Demand
NULL,Demange
NULL,Demarais
NULL,Demarest
NULL,Demarie
NULL,Demark
NULL,Demarr
NULL,Demars
NULL,Demary
NULL,Demay
NULL,Demerchant
NULL,Demers
NULL,Demeuse
NULL,Demey
NULL,Demille
NULL,Demme
NULL,Demont
NULL,Demontigny
NULL,Demoranville
NULL,Demore
NULL,Demory
NULL,Demotte
NULL,Demoulin
NULL,Denard
NULL,Denault
NULL,Deneau
NULL,Deni
NULL,Denier
NULL,Denis
NULL,Denise
NULL,Denomme
NULL,Denoyer
NULL,Dent
NULL,Dentremont
NULL,Denys
NULL,Deon
NULL,Depace
NULL,Depas
NULL,Depaul
NULL,Derenne
NULL,Derise
NULL,Deroche
NULL,DeRosier
NULL,Derouen
NULL,Derouin
NULL,Deroy
NULL,Dery
NULL,Desaulniers
NULL,Desautel
NULL,Desautels
NULL,Deschamps
NULL,Descoteaux
NULL,Desforges
NULL,Desfosses
NULL,Deshaies
NULL,Desilets
NULL,Desir
NULL,Desjardins
NULL,Desjarlais
NULL,Deslandes
NULL,Deslatte
NULL,Deslauriers
NULL,Desmarais
NULL,Desnoyers
NULL,Desormeaux
NULL,Desper
NULL,Despres
NULL,Desrochers
NULL,Desroches
NULL,Desrosiers
NULL,Desruisseaux
NULL,Desselle
NULL,Dessert
NULL,Destin
NULL,Detemple
NULL,Dethomas
NULL,Detienne
NULL,Devault
NULL,Devaux
NULL,Deveaux
NULL,Devere
NULL,Deville
NULL,Devillers
NULL,Devillier
NULL,Devin
NULL,DeVincent
NULL,Devine
NULL,Devore
NULL,Deyo
NULL,Deyoe
NULL,Didier
NULL,Didion
NULL,Dietlin
NULL,Dieudonne
NULL,Dillon
NULL,Dilly
NULL,Dimon
NULL,Dine
NULL,Dion
NULL,Dionne
NULL,Dittoe
NULL,Divine
NULL,Dobry
NULL,Dodier
NULL,Doiron
NULL,Dole
NULL,Doles
NULL,Dolese
NULL,Dolin
NULL,Dolle
NULL,Dolney
NULL,Dome
NULL,Domin
NULL,Domine
NULL,Dominique
NULL,Don
NULL,Donais
NULL,Donat
NULL,Donze
NULL,Dorais
NULL,Dorau
NULL,Dore
NULL,Dorin
NULL,Dorion
NULL,Doris
NULL,Dorland
NULL,Dorminy
NULL,Dorval
NULL,Dosier
NULL,Doster
NULL,Dostie
NULL,Doublin
NULL,Doucet
NULL,Douget
NULL,Douville
NULL,Doyen
NULL,Doyon
NULL,Dozier
NULL,Dozois
NULL,Drago
NULL,Dragon
NULL,Drain
NULL,Drapeau
NULL,Drendel
NULL,Drolet
NULL,Drouhard
NULL,Drouillard
NULL,Drouin
NULL,Droz
NULL,Drury
NULL,Dubas
NULL,Dube
NULL,Dubeau
NULL,Dubel
NULL,Dubie
NULL,Dubin
NULL,Dubois
NULL,Dubon
NULL,Dubord
NULL,Dubray
NULL,Dubreuil
NULL,Dubroc
NULL,Dubuc
NULL,Dubuisson
NULL,Dubuque
NULL,Duby
NULL,Ducas
NULL,Ducasse
NULL,Ducat
NULL,Duchaine
NULL,Duchamp
NULL,Ducharme
NULL,Duchateau
NULL,Duchemin
NULL,Duchene
NULL,Duchesne
NULL,Duchesneau
NULL,Duchon
NULL,Duclos
NULL,Ducommun
NULL,Ducote
NULL,Ducre
NULL,Duet
NULL,Dufault
NULL,Dufort
NULL,Dufour
NULL,Dufrene
NULL,Dufresne
NULL,Duga
NULL,Dugard
NULL,Dugas
NULL,Dugay
NULL,Dugo
NULL,Duguay
NULL,Duhaime
NULL,Duhamel
NULL,Duhart
NULL,Duhe
NULL,Duhon
NULL,Dujardin
NULL,Dulac
NULL,Dulin
NULL,Dulong
NULL,Dulude
NULL,Dumaine
NULL,Dumais
NULL,Duman
NULL,Dumas
NULL,Dumesnil
NULL,Dumond
NULL,Dumont
NULL,Dumouchel
NULL,Dumoulin
NULL,Duntz
NULL,Dupere
NULL,Dupin
NULL,Duplantier
NULL,Duplantis
NULL,Duplechain
NULL,Duplechin
NULL,Duplessis
NULL,Dupont
NULL,Dupre
NULL,Duprey
NULL,Dupriest
NULL,Dupuis
NULL,Dupuy
NULL,Duquaine
NULL,Duque
NULL,Duquette
NULL,Duranceau
NULL,Durand
NULL,Durant
NULL,Duray
NULL,Durban
NULL,Durbin
NULL,Duree
NULL,Durel
NULL,Durette
NULL,Durie
NULL,Durio
NULL,Duris
NULL,Durivage
NULL,Durocher
NULL,Duron
NULL,Durrant
NULL,Dury
NULL,Dusablon
NULL,Dusch
NULL,Dussault
NULL,Dusseau
NULL,Dusseault
NULL,Dustin
NULL,Duthie
NULL,Dutil
NULL,Dutoit
NULL,Duval
NULL,Duvernay
NULL,D’Amour
NULL,Edin
NULL,Edmond
NULL,Edouard
NULL,Eifler
NULL,Eilts
NULL,Elias
NULL,Elie
NULL,Emard
NULL,Emery
NULL,Emile
NULL,Emond
NULL,Engelbert
NULL,Enos
NULL,Eppinette
NULL,Erbland
NULL,Eric
NULL,Erny
NULL,Eschete
NULL,Espaillat
NULL,Espy
NULL,Estel
NULL,Estell
NULL,Estelle
NULL,Esteve
NULL,Esther
NULL,Ethier
NULL,Etie
NULL,Etienne
NULL,Etling
NULL,Eugene
NULL,Eury
NULL,Evard
NULL,Evrard
NULL,Eymard
NULL,Fabian
NULL,Fabre
NULL,Fabry
NULL,Faciane
NULL,Facteau
NULL,Fafard
NULL,Fagnant
NULL,Fagot
NULL,Faile
NULL,Faille
NULL,Fain
NULL,Faivre
NULL,Faix
NULL,Falgout
NULL,Falvo
NULL,Fanger
NULL,Fanguy
NULL,Faniel
NULL,Farman
NULL,Faron
NULL,Faubert
NULL,Faucheux
NULL,Faudree
NULL,Fauquier
NULL,Faure
NULL,Faurot
NULL,Faust
NULL,Faustin
NULL,Fauteux
NULL,Faux
NULL,Favier
NULL,Favre
NULL,Favreau
NULL,Favret
NULL,Favro
NULL,Fay
NULL,Fayard
NULL,Faye
NULL,Fayette
NULL,Fecteau
NULL,Fenelon
NULL,Ferdinand
NULL,Ferdon
NULL,Feret
NULL,Ferland
NULL,Fermin
NULL,Ferrand
NULL,Ferrier
NULL,Ferron
NULL,Fey
NULL,Fier
NULL,Figard
NULL,Filiatrault
NULL,Filiault
NULL,Fillion
NULL,Fils
NULL,Fils-Aime
NULL,Filteau
NULL,Firmin
NULL,Flagel
NULL,Flamand
NULL,Flammang
NULL,Fleury
NULL,Florance
NULL,Florence
NULL,Florian
NULL,Flournoy
NULL,Fluet
NULL,Fonder
NULL,Fons
NULL,Font
NULL,Fontaine
NULL,Fontenette
NULL,Fontenot
NULL,Fonville
NULL,Forand
NULL,Force
NULL,Forcey
NULL,Forcier
NULL,Forestier
NULL,Foret
NULL,Forge
NULL,Forget
NULL,Forgue
NULL,Forgues
NULL,Forney
NULL,Forquer
NULL,Fort
NULL,Fortier
NULL,Fortin
NULL,Forton
NULL,Fortune
NULL,Fosse
NULL,Fossett
NULL,Foucault
NULL,Fouch
NULL,Fouche
NULL,Fougere
NULL,Fouquet
NULL,Fournet
NULL,Fournier
NULL,Foy
NULL,Foye
NULL,Frachiseur
NULL,Fradette
NULL,Frain
NULL,Fralin
NULL,Franc
NULL,France
NULL,Frances
NULL,Francoeur
NULL,Francois
NULL,Frappier
NULL,Frater
NULL,Fray
NULL,Frederic
NULL,Fredette
NULL,Fredieu
NULL,Fregeau
NULL,Fremin
NULL,Fremont
NULL,Frenier
NULL,Frere
NULL,Freson
NULL,Friant
NULL,Frigon
NULL,Friloux
NULL,Frison
NULL,Frisque
NULL,Fron
NULL,Fruge
NULL,Fruit
NULL,Fugere
NULL,Fuselier
NULL,Fusilier
NULL,Gabe
NULL,Gaboriault
NULL,Gaboury
NULL,Gabriel
NULL,Gaby
NULL,Gadbois
NULL,Gadoury
NULL,Gage
NULL,Gagnard
NULL,Gagne
NULL,Gagner
NULL,Gagnier
NULL,Gagnon
NULL,Gail
NULL,Gaillard
NULL,Gal
NULL,Galant
NULL,Galarneau
NULL,Galipeau
NULL,Gall
NULL,Galland
NULL,Gallant
NULL,Gallatin
NULL,Galle
NULL,Gallet
NULL,Galley
NULL,Gallien
NULL,Gallier
NULL,Gallion
NULL,Gallipeau
NULL,Gallon
NULL,Galvin
NULL,Gamache
NULL,Gamel
NULL,Gamelin
NULL,Gamet
NULL,Gammel
NULL,Gano
NULL,Ganoe
NULL,Gant
NULL,Garand
NULL,Garant
NULL,Garbe
NULL,Garbin
NULL,Garceau
NULL,Garcelon
NULL,Gard
NULL,Garde
NULL,Gardin
NULL,Gardinier
NULL,Gardon
NULL,Gardy
NULL,Gareau
NULL,Gariepy
NULL,Garin
NULL,Garis
NULL,Garneau
NULL,Garnier
NULL,Garon
NULL,Garone
NULL,Garoutte
NULL,Garrant
NULL,Garrard
NULL,Garret
NULL,Garriga
NULL,Garrigues
NULL,Garris
NULL,Garron
NULL,Garson
NULL,Gascon
NULL,Gaspar
NULL,Gaspard
NULL,Gasque
NULL,Gasson
NULL,Gast
NULL,Gastineau
NULL,Gaston
NULL,Gaubert
NULL,Gaudet
NULL,Gaudin
NULL,Gaudreau
NULL,Gaudreault
NULL,Gaulin
NULL,Gault
NULL,Gaumond
NULL,Gaut
NULL,Gauthier
NULL,Gautier
NULL,Gautreau
NULL,Gautreaux
NULL,Gauvin
NULL,Gauvreau
NULL,Gavel
NULL,Gavett
NULL,Gavin
NULL,Gay
NULL,Gayman
NULL,Gaymon
NULL,Gayton
NULL,Ge
NULL,Gedeon
NULL,Gee
NULL,Gehlen
NULL,Gelin
NULL,Gelinas
NULL,Gelineau
NULL,Gemme
NULL,Gendreau
NULL,Gendron
NULL,Gene
NULL,Genereux
NULL,Genest
NULL,Genet
NULL,Gent
NULL,Geoffrion
NULL,Geoffroy
NULL,George
NULL,Georger
NULL,Georges
NULL,Gerald
NULL,Gerard
NULL,Gerdon
NULL,Gereau
NULL,Germain
NULL,Germaine
NULL,Germer
NULL,Germond
NULL,Gerome
NULL,Geron
NULL,Gerou
NULL,Gerould
NULL,Geroux
NULL,Gervais
NULL,Gervin
NULL,Gery
NULL,Gettelfinger
NULL,Ghrist
NULL,Giard
NULL,Giauque
NULL,Gibeau
NULL,Gibeault
NULL,Gibel
NULL,Gibert
NULL,Giblin
NULL,Gignac
NULL,Giguere
NULL,Gilbert
NULL,Gile
NULL,Giles
NULL,Gillard
NULL,Gille
NULL,Gilles
NULL,Gillet
NULL,Gillette
NULL,Gilliand
NULL,Gilliard
NULL,Gillon
NULL,Gilly
NULL,Gilson
NULL,Gimbert
NULL,Gion
NULL,Gionet
NULL,Girard
NULL,Girardeau
NULL,Girardin
NULL,Girardot
NULL,Giraud
NULL,Girod
NULL,Giroir
NULL,Giron
NULL,Gironda
NULL,Girouard
NULL,Giroux
NULL,Gladieux
NULL,Gladin
NULL,Gladu
NULL,Gladue
NULL,Glassey
NULL,Glasson
NULL,Glaude
NULL,Gloria
NULL,Gobeil
NULL,Gobeille
NULL,Gobel
NULL,Gobin
NULL,Godard
NULL,Godat
NULL,Godbout
NULL,Goddard
NULL,Goddu
NULL,Godeaux
NULL,Godin
NULL,Goffin
NULL,Goffinet
NULL,Goin
NULL,Golay
NULL,Golphin
NULL,Gombert
NULL,Gomillion
NULL,Gonet
NULL,Gonsoulin
NULL,Gonthier
NULL,Gordinier
NULL,Gordon
NULL,Gore
NULL,Gorges
NULL,Gorin
NULL,Gort
NULL,Goslin
NULL,Gossard
NULL,Gosse
NULL,Gosselin
NULL,Gossett
NULL,Gossman
NULL,Goubeaux
NULL,Goudeau
NULL,Gougeon
NULL,Gouin
NULL,Goulart
NULL,Goulet
NULL,Goupil
NULL,Gourd
NULL,Gourdin
NULL,Gourdine
NULL,Gourneau
NULL,Goy
NULL,Goyer
NULL,Granat
NULL,Grand
NULL,Grandbois
NULL,Grandchamp
NULL,Grandin
NULL,Grandjean
NULL,Grandmaison
NULL,Grandpre
NULL,Graner
NULL,Grange
NULL,Granger
NULL,Granier
NULL,Grant
NULL,Gras
NULL,Grasse
NULL,Grate
NULL,Grau
NULL,Grave
NULL,Gravel
NULL,Graveline
NULL,Gravelle
NULL,Graves
NULL,Gravois
NULL,Gray
NULL,Greaux
NULL,Greff
NULL,Gregoire
NULL,Gregorie
NULL,Gremillion
NULL,Grenier
NULL,Grenon
NULL,Grief
NULL,Griffes
NULL,Griffon
NULL,Grignon
NULL,Grilliot
NULL,Grillot
NULL,Grimard
NULL,Grimaud
NULL,Grise
NULL,Grisez
NULL,Groleau
NULL,Grondin
NULL,Gros
NULL,Grosjean
NULL,Groux
NULL,Grue
NULL,Gruel
NULL,Grumbach
NULL,Grumet
NULL,Guay
NULL,Gue
NULL,Guebert
NULL,Guedry
NULL,Guenin
NULL,Guerard
NULL,Guerin
NULL,Guerrant
NULL,Guerrette
NULL,Guerrier
NULL,Guerry
NULL,Guertin
NULL,Guevin
NULL,Guichard
NULL,Guidroz
NULL,Guidry
NULL,Guiffre
NULL,Guignard
NULL,Guilbeau
NULL,Guilbeault
NULL,Guilbeaux
NULL,Guilbert
NULL,Guill
NULL,Guillaume
NULL,Guillemette
NULL,Guillet
NULL,Guillory
NULL,Guillot
NULL,Guilmette
NULL,Guimond
NULL,Guimont
NULL,Guin
NULL,Guinard
NULL,Guindon
NULL,Guion
NULL,Guise
NULL,Guitar
NULL,Guitard
NULL,Guite
NULL,Guiton
NULL,Gustave
NULL,Gustin
NULL,Gustine
NULL,Guy
NULL,Guyon
NULL,Guyot
NULL,Guyse
NULL,Guyton
NULL,Hache
NULL,Haim
NULL,Hait
NULL,Halbert
NULL,Halle
NULL,Halphen
NULL,Ham
NULL,Hamel
NULL,Hamelin
NULL,Hamon
NULL,Han
NULL,Hance
NULL,Happe
NULL,Haran
NULL,Harang
NULL,Harbert
NULL,Harcourt
NULL,Hardin
NULL,Hardwick
NULL,Hardy
NULL,Hare
NULL,Harland
NULL,Harle
NULL,Harlin
NULL,Harman
NULL,Harmel
NULL,Harnois
NULL,Haro
NULL,Harpin
NULL,Harry
NULL,Hart
NULL,Hartel
NULL,Hasbrouck
NULL,Hasson
NULL,Haste
NULL,Hatton
NULL,Hau
NULL,Haubert
NULL,Haury
NULL,Haut
NULL,Havel
NULL,Havron
NULL,Hay
NULL,Haye
NULL,Hayer
NULL,Hayes
NULL,Haymon
NULL,Haymond
NULL,Hazard
NULL,Hazel
NULL,Hebel
NULL,Heber
NULL,Hebert
NULL,Heckle
NULL,Hector
NULL,Hedin
NULL,Hees
NULL,Helbert
NULL,Helfrich
NULL,Helie
NULL,Helin
NULL,Hellard
NULL,Hemming
NULL,Hemond
NULL,Henard
NULL,Henault
NULL,Hendry
NULL,Henri
NULL,Henrion
NULL,Henry
NULL,Heon
NULL,Herard
NULL,Herbeck
NULL,Herbert
NULL,Herbin
NULL,Herman
NULL,Hermes
NULL,Herold
NULL,Heron
NULL,Heroux
NULL,Herpin
NULL,Herre
NULL,Herrera
NULL,Herriott
NULL,Hetu
NULL,Hiegel
NULL,Hilaire
NULL,Hilbert
NULL,Hildebrand
NULL,Hilger
NULL,Hillard
NULL,Hillebrand
NULL,Hillier
NULL,Hils
NULL,Hippe
NULL,Hoger
NULL,Hogue
NULL,Hollier
NULL,Hollon
NULL,Holveck
NULL,Homme
NULL,Hommel
NULL,Hommer
NULL,Honore
NULL,Hons
NULL,Host
NULL,Hotard
NULL,Hotte
NULL,Houde
NULL,Houle
NULL,Houlette
NULL,Housel
NULL,Houx
NULL,Houy
NULL,Houze
NULL,Hu
NULL,Huard
NULL,Hubel
NULL,Hubert
NULL,Huberty
NULL,Hudon
NULL,Hue
NULL,Huet
NULL,Hugo
NULL,Huguenin
NULL,Huguet
NULL,Hulet
NULL,Hulett
NULL,Hulette
NULL,Hulin
NULL,Humbert
NULL,Humble
NULL,Huot
NULL,Huppe
NULL,Huron
NULL,Hurteau
NULL,Huson
NULL,Husson
NULL,Hypolite
NULL,Hyppolite
NULL,Illian
NULL,Imbert
NULL,Innocent
NULL,Isaac
NULL,Isabel
NULL,Isabell
NULL,Isabelle
NULL,Isadore
NULL,Issac
NULL,Ives
NULL,Izard
NULL,Jackels
NULL,Jacob
NULL,Jacot
NULL,Jacquemin
NULL,Jacques
NULL,Jacquet
NULL,Jacquez
NULL,Jacquin
NULL,Jacquot
NULL,Jadin
NULL,Jaillet
NULL,Jalbert
NULL,Jandreau
NULL,Janis
NULL,Janvier
NULL,Janvrin
NULL,Jaquet
NULL,Jaquette
NULL,Jardin
NULL,Jardon
NULL,Jarnot
NULL,Jarreau
NULL,Jarry
NULL,Jasmin
NULL,Jasmine
NULL,Jauquet
NULL,Jay
NULL,Jean
NULL,Jean-Baptiste
NULL,Jean-Charles
NULL,Jeanfreau
NULL,Jean-Jacques
NULL,Jean-Louis
NULL,Jeanneret
NULL,Jean-Pierre
NULL,Jennette
NULL,Jenrette
NULL,Jerome
NULL,Jesse
NULL,Jeter
NULL,Jette
NULL,Jeune
NULL,Joachim
NULL,Joanis
NULL,Job
NULL,Jobin
NULL,Jochim
NULL,Joel
NULL,Jolicoeur
NULL,Jolie
NULL,Jolin
NULL,Jolivet
NULL,Jolly
NULL,Joly
NULL,Jonas
NULL,Joncas
NULL,Jordan
NULL,Jordon
NULL,Jory
NULL,Jose
NULL,Joseph
NULL,Jossart
NULL,Josserand
NULL,Joubert
NULL,Jourdain
NULL,Jourdan
NULL,Joyal
NULL,Juaire
NULL,Jubert
NULL,Jubinville
NULL,Juda
NULL,Jude
NULL,Juillerat
NULL,Jules
NULL,Julien
NULL,Jumonville
NULL,Juneau
NULL,Junod
NULL,Junot
NULL,Jupin
NULL,Just
NULL,Justin
NULL,Jutras
NULL,Karon
NULL,Kay
NULL,Kerbo
NULL,Kerbow
NULL,Kirouac
NULL,Kochersperger
NULL,Labadie
NULL,Labar
NULL,Labare
NULL,Labarge
NULL,Labarr
NULL,Labarre
NULL,Labat
NULL,Labauve
NULL,Labbe
NULL,Labbee
NULL,Labby
NULL,Labell
NULL,Labelle
NULL,Labiche
NULL,Labine
NULL,Labit
NULL,Labombard
NULL,Labonte
NULL,Laborde
NULL,Labossiere
NULL,Labove
NULL,Labranche
NULL,Labreche
NULL,Labrecque
NULL,Labrie
NULL,Labrosse
NULL,Labruyere
NULL,Lacasse
NULL,Lacaze
NULL,Lacelle
NULL,Lacerte
NULL,Lachance
NULL,Lachapelle
NULL,Lacharite
NULL,Lachat
NULL,Laclaire
NULL,Lacombe
NULL,Lacoss
NULL,Lacosse
NULL,Lacoste
NULL,Lacour
NULL,Lacourse
NULL,Lacoursiere
NULL,Lacouture
NULL,Lacoy
NULL,Lacroix
NULL,Ladeau
NULL,Ladnier
NULL,Ladouceur
NULL,Lafarge
NULL,Lafargue
NULL,Lafary
NULL,Lafayette
NULL,Laferriere
NULL,Lafevers
NULL,Laffitte
NULL,Laffoon
NULL,Lafitte
NULL,Laflamme
NULL,Lafleche
NULL,Lafleur
NULL,Lafollette
NULL,Lafon
NULL,Lafond
NULL,Lafont
NULL,Lafontaine
NULL,Lafontant
NULL,Laforce
NULL,Laforest
NULL,Laforge
NULL,Lafortune
NULL,Lafosse
NULL,Lafoy
NULL,Laframboise
NULL,Lafrance
NULL,Lafreniere
NULL,Lafromboise
NULL,Lagace
NULL,Lagarde
NULL,Lagasse
NULL,Lage
NULL,Lagesse
NULL,Lagoy
NULL,Lagrange
NULL,Lagrave
NULL,Lagree
NULL,Lague
NULL,Laguerre
NULL,Lagueux
NULL,Lahaie
NULL,Lahaye
NULL,Laine
NULL,Lajeunesse
NULL,Lajoie
NULL,Lalande
NULL,Lalanne
NULL,Laliberte
NULL,Laliberty
NULL,Lalime
NULL,Lalley
NULL,Lallier
NULL,Lally
NULL,Lalonde
NULL,Lalumiere
NULL,Laluzerne
NULL,Lamarche
NULL,Lamarque
NULL,Lamarre
NULL,Lambert
NULL,Lamer
NULL,Lamere
NULL,Lamey
NULL,Lamirand
NULL,Lamirande
NULL,Lamon
NULL,Lamond
NULL,Lamont
NULL,Lamontagne
NULL,Lamore
NULL,Lamoreaux
NULL,Lamoree
NULL,Lamoreux
NULL,Lamothe
NULL,Lamotte
NULL,Lamour
NULL,Lamoureaux
NULL,Lamoureux
NULL,Lampe
NULL,Lampron
NULL,Lamy
NULL,Lance
NULL,Lanclos
NULL,Lancto
NULL,Lanctot
NULL,Lande
NULL,Landes
NULL,Landon
NULL,Landreneau
NULL,Landreville
NULL,Landry
NULL,Landy
NULL,Lane
NULL,Lange
NULL,Langelier
NULL,Langevin
NULL,Langille
NULL,Langin
NULL,Langlais
NULL,Langlinais
NULL,Langlois
NULL,Lanier
NULL,Lannoye
NULL,Lanoue
NULL,Lanouette
NULL,Lanthier
NULL,Lantier
NULL,Lapage
NULL,Lapalme
NULL,Laperle
NULL,Laperriere
NULL,Lapeyrouse
NULL,Lapierre
NULL,Laplace
NULL,Laplante
NULL,Laplume
NULL,Lapointe
NULL,Laporte
NULL,Laprade
NULL,Laprairie
NULL,Lapre
NULL,Laprise
NULL,Laqua
NULL,Laquerre
NULL,Laramee
NULL,Laramie
NULL,Larche
NULL,Larcher
NULL,Lard
NULL,Lardie
NULL,Lardy
NULL,Lareau
NULL,Larew
NULL,Large
NULL,Largent
NULL,Larive
NULL,Larivee
NULL,Lariviere
NULL,Laroche
NULL,Larochelle
NULL,Larock
NULL,Larocque
NULL,Laroque
NULL,Larose
NULL,Larouche
NULL,Laroux
NULL,Larrieu
NULL,Larrivee
NULL,Lartigue
NULL,Larue
NULL,Lary
NULL,Lasalle
NULL,Lassalle
NULL,Lasser
NULL,Last
NULL,Lastrapes
NULL,Lasure
NULL,Lataille
NULL,Latendresse
NULL,LaTiolais
NULL,Latour
NULL,Latourelle
NULL,Latourette
NULL,Latty
NULL,Laude
NULL,Laur
NULL,Laurain
NULL,Laurence
NULL,Laurendeau
NULL,Laurens
NULL,Laurent
NULL,Laurie
NULL,Laurin
NULL,Laury
NULL,Lausier
NULL,Laut
NULL,Lauve
NULL,Lauzier
NULL,Lauzon
NULL,Lavalette
NULL,Lavalle
NULL,Lavallee
NULL,Lavelle
NULL,Lavene
NULL,Laventure
NULL,Laverdiere
NULL,Laverdure
NULL,Lavergne
NULL,Laverne
NULL,Lavertu
NULL,Lavier
NULL,Lavigne
NULL,Laviolette
NULL,Lavis
NULL,Lavoie
NULL,Lay
NULL,Lazard
NULL,Lazare
NULL,Lazer
NULL,Leazer
NULL,Lebaron
NULL,Lebeau
NULL,Lebel
NULL,Lebert
NULL,Leblanc
NULL,Lebleu
NULL,Leblond
NULL,Leboeuf
NULL,Lebon
NULL,Lebourgeois
NULL,Lebreton
NULL,Lebrun
NULL,Leclair
NULL,Leclerc
NULL,Leclercq
NULL,Leclere
NULL,Lecocq
NULL,Lecompte
NULL,Lecomte
NULL,Leconte
NULL,Lecoq
NULL,Lecuyer
NULL,Ledoux
NULL,Leduc
NULL,Lefebre
NULL,Lefebure
NULL,Lefebvre
NULL,Lefevre
NULL,Leflore
NULL,Lefort
NULL,Lefrancois
NULL,Legard
NULL,Legare
NULL,Legate
NULL,Legault
NULL,Lege
NULL,Legendre
NULL,Leger
NULL,Legere
NULL,Legnon
NULL,Legrand
NULL,Legrande
NULL,Legros
NULL,Lehouillier
NULL,Leib
NULL,Leisure
NULL,Lejeune
NULL,Leleux
NULL,Lelievre
NULL,Lemahieu
NULL,Lemaire
NULL,Lemaitre
NULL,Lemar
NULL,Lemarr
NULL,Lemay
NULL,Lemelin
NULL,Lemelle
NULL,Lemer
NULL,Lemerise
NULL,Lemery
NULL,Lemieux
NULL,Lemire
NULL,Lemoi
NULL,Lemoine
NULL,Lemont
NULL,Lenard
NULL,Leneave
NULL,Lenfestey
NULL,Lenoir
NULL,Leon
NULL,Leonard
NULL,Leopold
NULL,Lepage
NULL,Lepere
NULL,Lepine
NULL,Lepre
NULL,Lequire
NULL,Leray
NULL,Leriche
NULL,Leroux
NULL,Leroy
NULL,Lesage
NULL,Lesane
NULL,Lescarbeau
NULL,Lesesne
NULL,Lesieur
NULL,Lesperance
NULL,Lessard
NULL,Lestage
NULL,Lestrange
NULL,Lesueur
NULL,Lesure
NULL,Letarte
NULL,Letellier
NULL,Letendre
NULL,Letourneau
NULL,Leuck
NULL,Leva
NULL,Levan
NULL,Levangie
NULL,Levant
NULL,Levasseur
NULL,Leve
NULL,Levee
NULL,Leveille
NULL,Leveillee
NULL,Level
NULL,Levell
NULL,Leveque
NULL,Levert
NULL,Levesque
NULL,Levis
NULL,Levron
NULL,Ley
NULL,Leys
NULL,Lheureux
NULL,Lhommedieu
NULL,Lhuillier
NULL,Lia
NULL,Liber
NULL,Libert
NULL,Lile
NULL,Limoges
NULL,Limon
NULL,Linard
NULL,Lincourt
NULL,Lindor
NULL,Line
NULL,Linen
NULL,Linger
NULL,Linne
NULL,Lion
NULL,Liou
NULL,Lirette
NULL,Lis
NULL,Lisle
NULL,Litalien
NULL,Livaudais
NULL,Livernois
NULL,Lizotte
NULL,Lobel
NULL,Loebs
NULL,Loge
NULL,Loges
NULL,Loiseau
NULL,Loisel
NULL,Loiselle
NULL,Lombard
NULL,Long
NULL,Longe
NULL,Longpre
NULL,Longtin
NULL,Lorance
NULL,Loranger
NULL,Lord
NULL,Lore
NULL,Loree
NULL,Lorette
NULL,Lorge
NULL,Lorio
NULL,Lormand
NULL,Lorrain
NULL,Lorraine
NULL,Lorson
NULL,Lortie
NULL,Lory
NULL,Losier
NULL,Loth
NULL,Loubier
NULL,Loudin
NULL,Louis
NULL,Louise
NULL,Louissaint
NULL,Loup
NULL,Loupe
NULL,Louque
NULL,Louvier
NULL,Louviere
NULL,Louwagie
NULL,Lovellette
NULL,Lovett
NULL,Lovette
NULL,Loy
NULL,Loyal
NULL,Loye
NULL,Loyer
NULL,Lozier
NULL,Lozon
NULL,Lubin
NULL,Luc
NULL,Lucas
NULL,Lucey
NULL,Lucian
NULL,Lucien
NULL,Lucier
NULL,Lucy
NULL,Lumpp
NULL,Luneau
NULL,Lung
NULL,Lupien
NULL,Lusignan
NULL,Lussier
NULL,Lutz
NULL,Lux
NULL,Luzier
NULL,Lye
NULL,Lyle
NULL,Lyon
NULL,Mabey
NULL,Mabile
NULL,Mabon
NULL,Mace
NULL,Machin
NULL,Machon
NULL,Mack
NULL,Macon
NULL,Mader
NULL,Madere
NULL,Madore
NULL,Maggi
NULL,Magloire
NULL,Magnan
NULL,Magnant
NULL,Magnin
NULL,Magnon
NULL,Maheu
NULL,Maheux
NULL,Mahieu
NULL,Mahin
NULL,Mahon
NULL,Mai
NULL,Mailhot
NULL,Maillard
NULL,Maille
NULL,Maillet
NULL,Mailliard
NULL,Main
NULL,Mainard
NULL,Maine
NULL,Mainville
NULL,Maire
NULL,Maisel
NULL,Maison
NULL,Maisonet
NULL,Maisonneuve
NULL,Maitre
NULL,Major
NULL,Malan
NULL,Malay
NULL,Malboeuf
NULL,Malenfant
NULL,Malette
NULL,Malin
NULL,Maline
NULL,Malle
NULL,Mallery
NULL,Mallet
NULL,Mally
NULL,Malo
NULL,Malon
NULL,Malpass
NULL,Maltais
NULL,Malveaux
NULL,Man
NULL,Manasse
NULL,Mandeville
NULL,Maneval
NULL,Mange
NULL,Mangin
NULL,Mangold
NULL,Manheim
NULL,Manheimer
NULL,Manier
NULL,Manigault
NULL,Manis
NULL,Manne
NULL,Mannheimer
NULL,Mannon
NULL,Manon
NULL,Manseau
NULL,Mantel
NULL,Manuel
NULL,Manville
NULL,Many
NULL,Maple
NULL,Maran
NULL,Maranville
NULL,Marble
NULL,Marc
NULL,Marcantel
NULL,Marceau
NULL,Marceaux
NULL,Marcel
NULL,Marcelin
NULL,Marcell
NULL,Marcelle
NULL,Marchal
NULL,Marchan
NULL,Marchand
NULL,Marchant
NULL,Marchessault
NULL,Marcil
NULL,Marcille
NULL,Marcin
NULL,Marck
NULL,Marcon
NULL,Marcott
NULL,Marcotte
NULL,Marcou
NULL,Marcoux
NULL,Marcus
NULL,Marcy
NULL,Mare
NULL,Marentette
NULL,Maret
NULL,Marez
NULL,Marian
NULL,Marie
NULL,Marien
NULL,Marier
NULL,Marin
NULL,Marine
NULL,Marineau
NULL,Marion
NULL,Marklin
NULL,Marlatt
NULL,Marlette
NULL,Marlin
NULL,Marmion
NULL,Marois
NULL,Maron
NULL,Marotte
NULL,Marquand
NULL,Marques
NULL,Marquette
NULL,Marquis
NULL,Marre
NULL,Marron
NULL,Mars
NULL,Marsan
NULL,Marse
NULL,Marson
NULL,Martel
NULL,Martell
NULL,Martelle
NULL,Marti
NULL,Martie
NULL,Martin
NULL,Martine
NULL,Martineau
NULL,Martinet
NULL,Martiny
NULL,Martsolf
NULL,Marty
NULL,Mary
NULL,Marzolf
NULL,Mas
NULL,Maschino
NULL,Maslin
NULL,Mason
NULL,Massar
NULL,Massart
NULL,Masse
NULL,Massena
NULL,Massey
NULL,Masson
NULL,Mastin
NULL,Mate
NULL,Matey
NULL,Mathe
NULL,Mathes
NULL,Mathey
NULL,Mathia
NULL,Mathias
NULL,Mathie
NULL,Mathieu
NULL,Mathis
NULL,Mathurin
NULL,Mathy
NULL,Matis
NULL,Matte
NULL,Matthieu
NULL,Matthis
NULL,Matthys
NULL,Mattis
NULL,Matton
NULL,Maturin
NULL,Mauger
NULL,Maupin
NULL,Maura
NULL,Mauri
NULL,Maurice
NULL,Maurin
NULL,Maury
NULL,Maute
NULL,Mauter
NULL,Mauthe
NULL,Maxim
NULL,May
NULL,Mayeaux
NULL,Mayen
NULL,Mayette
NULL,Mayeux
NULL,Maynard
NULL,Mayne
NULL,Mayon
NULL,Maze
NULL,Mazon
NULL,Mazure
NULL,Meas
NULL,Meaux
NULL,Meche
NULL,Medine
NULL,Mee
NULL,Meilleur
NULL,Melancon
NULL,Melchior
NULL,Mele
NULL,Melerine
NULL,Melin
NULL,Meline
NULL,Melle
NULL,Mellencamp
NULL,Mellette
NULL,Melott
NULL,Melsheimer
NULL,Menard
NULL,Mentor
NULL,Meny
NULL,Mercier
NULL,Merck
NULL,Mercure
NULL,Mercy
NULL,Merillat
NULL,Merle
NULL,Merlin
NULL,Merry
NULL,Merson
NULL,Mertel
NULL,Mery
NULL,Meserve
NULL,Meservey
NULL,Mesnard
NULL,Messier
NULL,Mest
NULL,Mestayer
NULL,Mestre
NULL,Metayer
NULL,Metellus
NULL,Methot
NULL,Metivier
NULL,Metoyer
NULL,Mette
NULL,Meunier
NULL,Meuret
NULL,Meyette
NULL,Michaud
NULL,Michaux
NULL,Micheau
NULL,Michel
NULL,Michelin
NULL,Michelle
NULL,Michon
NULL,Midgette
NULL,Miele
NULL,Mignon
NULL,Mignone
NULL,Milan
NULL,Miland
NULL,Milbert
NULL,Millard
NULL,Mille
NULL,Millet
NULL,Millien
NULL,Million
NULL,Millon
NULL,Milon
NULL,Milord
NULL,Milot
NULL,Minard
NULL,Mince
NULL,Minchin
NULL,Mineau
NULL,Minett
NULL,Minette
NULL,Minion
NULL,Minor
NULL,Minot
NULL,Mion
NULL,Mir
NULL,Miracle
NULL,Mire
NULL,Miron
NULL,Miville
NULL,Modeste
NULL,Modisette
NULL,Moffet
NULL,Moisan
NULL,Moise
NULL,Molaison
NULL,Mole
NULL,Molin
NULL,Moline
NULL,Mollard
NULL,Molle
NULL,Mollere
NULL,Mollet
NULL,Mollett
NULL,Mollette
NULL,Molleur
NULL,Mollo
NULL,Molyneux
NULL,Monast
NULL,Monat
NULL,Monceaux
NULL,Mondesir
NULL,Mondor
NULL,Mondragon
NULL,Mondry
NULL,Monet
NULL,Monette
NULL,Monfils
NULL,Monfort
NULL,Monge
NULL,Mongeau
NULL,Mongeon
NULL,Mongrain
NULL,Monie
NULL,Monier
NULL,Monin
NULL,Moniot
NULL,Monnier
NULL,Monnin
NULL,Monnot
NULL,Mons
NULL,Monsour
NULL,Mont
NULL,Montagne
NULL,Montandon
NULL,Montavon
NULL,Montel
NULL,Montet
NULL,Montfort
NULL,Montigny
NULL,Montminy
NULL,Montpetit
NULL,Montplaisir
NULL,Montreuil
NULL,Montroy
NULL,Monty
NULL,Monville
NULL,Moquin
NULL,Morace
NULL,Moragne
NULL,Morain
NULL,Morand
NULL,Morant
NULL,Moranville
NULL,More
NULL,Moreau
NULL,Moree
NULL,Morel
NULL,Morency
NULL,Moret
NULL,Moreton
NULL,Morfin
NULL,Morice
NULL,Morie
NULL,Morin
NULL,Moris
NULL,Morisette
NULL,Morneau
NULL,Morneault
NULL,Moron
NULL,Mort
NULL,Mortier
NULL,Morton
NULL,Morvan
NULL,Mory
NULL,Mote
NULL,Motel
NULL,Motte
NULL,Moubray
NULL,Moulin
NULL,Moulis
NULL,Moura
NULL,Mourer
NULL,Mourey
NULL,Mousseau
NULL,Mouton
NULL,Mouzon
NULL,Moy
NULL,Moye
NULL,Moyse
NULL,Muench
NULL,Mule
NULL,Mullet
NULL,Munch
NULL,Munier
NULL,Muns
NULL,Mura
NULL,Murat
NULL,Murch
NULL,Muse
NULL,Musel
NULL,Musson
NULL,Nadal
NULL,Nadeau
NULL,Nadon
NULL,Nageotte
NULL,Naillon
NULL,Napoleon
NULL,Naquin
NULL,Narcisse
NULL,Nard
NULL,Nardin
NULL,Nason
NULL,Natalie
NULL,Nate
NULL,Nau
NULL,Naud
NULL,Nault
NULL,Navarre
NULL,Navas
NULL,Naves
NULL,Nay
NULL,Nazareth
NULL,Neault
NULL,Nedeau
NULL,Negron
NULL,Neptune
NULL,Neuville
NULL,Neve
NULL,Nevers
NULL,Neveu
NULL,Nez
NULL,Nezat
NULL,Nice
NULL,Nicolai
NULL,Nicolas
NULL,Nicolau
NULL,Nicole
NULL,Nicolet
NULL,Nicolette
NULL,Nier
NULL,Nixon
NULL,Nobert
NULL,Noble
NULL,Noblet
NULL,Nodine
NULL,Noe
NULL,Noel
NULL,Noland
NULL,Nolet
NULL,Nolette
NULL,Nolin
NULL,Nolle
NULL,Nolton
NULL,Nord
NULL,Norman
NULL,Normand
NULL,Normandeau
NULL,Normandin
NULL,Norment
NULL,Notte
NULL,Noury
NULL,Novy
NULL,Noye
NULL,Noyer
NULL,Nugent
NULL,Nys
NULL,Oberlin
NULL,Obie
NULL,Obier
NULL,Oge
NULL,Ogier
NULL,Olin
NULL,Oliphant
NULL,Olive
NULL,Oliver
NULL,Olivier
NULL,Oltz
NULL,Omer
NULL,Oran
NULL,Orand
NULL,Orange
NULL,Orban
NULL,Organ
NULL,Oriol
NULL,Oris
NULL,Orleans
NULL,Orme
NULL,Orne
NULL,Ort
NULL,Ortega
NULL,Orth
NULL,Orvin
NULL,Ory
NULL,Osier
NULL,Osmond
NULL,Ostheimer
NULL,Ostiguy
NULL,Otter
NULL,Oubre
NULL,Ouelette
NULL,Ouellet
NULL,Ouillette
NULL,Ouimet
NULL,Ours
NULL,Oury
NULL,Oyer
NULL,Ozanne
NULL,Page
NULL,Pageau
NULL,Pagel
NULL,Paget
NULL,Paille
NULL,Painchaud
NULL,Palange
NULL,Palen
NULL,Paley
NULL,Palin
NULL,Palley
NULL,Pan
NULL,Panneton
NULL,Pannier
NULL,Papa
NULL,Pape
NULL,Papin
NULL,Papineau
NULL,Pappan
NULL,Paquet
NULL,Paquette
NULL,Paquin
NULL,Paradis
NULL,Parde
NULL,Pare
NULL,Parent
NULL,Parenteau
NULL,Paret
NULL,Parfait
NULL,Paris
NULL,Pariseau
NULL,Parisien
NULL,Parisot
NULL,Parlier
NULL,Parmentier
NULL,Parquette
NULL,Parran
NULL,Parris
NULL,Parrot
NULL,Partee
NULL,Pascal
NULL,Pascale
NULL,Paschal
NULL,Paseur
NULL,Passe
NULL,Pastor
NULL,Pate
NULL,Patenaude
NULL,Paternoster
NULL,Patrie
NULL,Patry
NULL,Paty
NULL,Paul
NULL,Paule
NULL,Paulhus
NULL,Paulin
NULL,Pauline
NULL,Paullin
NULL,Pauly
NULL,Pay
NULL,Payan
NULL,Payant
NULL,Paye
NULL,Payer
NULL,Payeur
NULL,Payment
NULL,Payseur
NULL,Pean
NULL,Pechin
NULL,Pelican
NULL,Pelissier
NULL,Pelland
NULL,Pelle
NULL,Pellegrin
NULL,Pellerin
NULL,Pelletier
NULL,Pellissier
NULL,Peloquin
NULL,Pelotte
NULL,Peltier
NULL,Pepin
NULL,Pequignot
NULL,Perault
NULL,Percle
NULL,Pere
NULL,Perel
NULL,Perilloux
NULL,Perin
NULL,Perine
NULL,Peron
NULL,Perot
NULL,Perras
NULL,Perrault
NULL,Perreault
NULL,Perrenoud
NULL,Perret
NULL,Perrier
NULL,Perrin
NULL,Perro
NULL,Perrodin
NULL,Perron
NULL,Perrot
NULL,Perrott
NULL,Perrotte
NULL,Persin
NULL,Person
NULL,Pertuit
NULL,Perusse
NULL,Pessin
NULL,Petit
NULL,Petite
NULL,Petitjean
NULL,Petre
NULL,Petrin
NULL,Petron
NULL,Pett
NULL,Phaneuf
NULL,Phenicie
NULL,Phenis
NULL,Phenix
NULL,Philemon
NULL,Philen
NULL,Philibert
NULL,Philippe
NULL,Philippon
NULL,Phillippe
NULL,Phoenix
NULL,Picard
NULL,Piche
NULL,Pichon
NULL,Picon
NULL,Picot
NULL,Picou
NULL,Pierre
NULL,Pierre-Louis
NULL,Pierron
NULL,Piet
NULL,Pigeon
NULL,Pigue
NULL,Pilat
NULL,Pile
NULL,Pille
NULL,Pillot
NULL,Pilon
NULL,Pilotte
NULL,Pin
NULL,Pinard
NULL,Pinault
NULL,Pine
NULL,Pineau
NULL,Pinet
NULL,Pinson
NULL,Pinsonneault
NULL,Pinter
NULL,Pion
NULL,Pique
NULL,Pistorius
NULL,Pitre
NULL,Pittard
NULL,Place
NULL,Plaisance
NULL,Plamondon
NULL,Plant
NULL,Plante
NULL,Plantier
NULL,Plas
NULL,Plasse
NULL,Platte
NULL,Pleau
NULL,Plouff
NULL,Plouffe
NULL,Plourde
NULL,Plue
NULL,Ply
NULL,Poche
NULL,Point
NULL,Poire
NULL,Poirier
NULL,Poirot
NULL,Poissant
NULL,Poisson
NULL,Poitras
NULL,Poley
NULL,Poli
NULL,Polin
NULL,Polite
NULL,Politte
NULL,Pollet
NULL,Polley
NULL,Polly
NULL,Polus
NULL,Pommier
NULL,Ponce
NULL,Poncelet
NULL,Pons
NULL,Pont
NULL,Pontbriand
NULL,Ponthieux
NULL,Pontier
NULL,Pontiff
NULL,Porche
NULL,Porcher
NULL,Pore
NULL,Porta
NULL,Portal
NULL,Porte
NULL,Portier
NULL,Portugal
NULL,Posson
NULL,Postal
NULL,Poteet
NULL,Pothier
NULL,Potvin
NULL,Poudrier
NULL,Poulin
NULL,Pouliot
NULL,Poullard
NULL,Poupard
NULL,Poupart
NULL,Pourciau
NULL,Pousson
NULL,Poutre
NULL,Poyer
NULL,Prairie
NULL,Precourt
NULL,Pree
NULL,Prefontaine
NULL,Prejean
NULL,Present
NULL,Presson
NULL,Prevatt
NULL,Prevatte
NULL,Prevett
NULL,Prevette
NULL,Prevost
NULL,Prevot
NULL,Prey
NULL,Prieur
NULL,Prim
NULL,Prime
NULL,Primeaux
NULL,Prince
NULL,Prioleau
NULL,Prive
NULL,Privett
NULL,Privette
NULL,Privitt
NULL,Privott
NULL,Proby
NULL,Pronovost
NULL,Prophet
NULL,Prophete
NULL,Prosper
NULL,Proulx
NULL,Prout
NULL,Provance
NULL,Proveaux
NULL,Provencal
NULL,Provence
NULL,Provencher
NULL,Province
NULL,Provost
NULL,Prudhomme
NULL,Prueitt
NULL,Pruet
NULL,Pruett
NULL,Pruette
NULL,Pruiett
NULL,Pruit
NULL,Pruitt
NULL,Pruneau
NULL,Prunier
NULL,Purifoy
NULL,Pusey
NULL,Quaranta
NULL,Quay
NULL,Quebedeaux
NULL,Quebodeaux
NULL,Quenneville
NULL,Quesnel
NULL,Quesnell
NULL,Quin
NULL,Quine
NULL,Quint
NULL,Quintal
NULL,Quintin
NULL,Quirin
NULL,Raba
NULL,Rabalais
NULL,Rabin
NULL,Raboin
NULL,Raby
NULL,Rachel
NULL,Racicot
NULL,Racine
NULL,Ragon
NULL,Raiche
NULL,Raimond
NULL,Raine
NULL,Rainier
NULL,Rainville
NULL,Raison
NULL,Ram
NULL,Ramage
NULL,Rambert
NULL,Rambin
NULL,Rambo
NULL,Ramel
NULL,Ramey
NULL,Ramus
NULL,Rancourt
NULL,Randa
NULL,Randel
NULL,Range
NULL,Ranger
NULL,Ranson
NULL,Raphael
NULL,Rappe
NULL,Raque
NULL,Raquet
NULL,Ras
NULL,Ravel
NULL,Ravenel
NULL,Ravenelle
NULL,Ray
NULL,Rayer
NULL,Raymon
NULL,Raymond
NULL,Rayne
NULL,Rayon
NULL,Re
NULL,Real
NULL,Reau
NULL,Reaume
NULL,Reaux
NULL,Rebel
NULL,Rebert
NULL,Record
NULL,Regal
NULL,Regimbal
NULL,Regis
NULL,Regnier
NULL,Reigner
NULL,Reinagel
NULL,Reinard
NULL,Reine
NULL,Reiner
NULL,Reinier
NULL,Rembert
NULL,Remillard
NULL,Remy
NULL,Renard
NULL,Renaud
NULL,Renault
NULL,Rene
NULL,Reneau
NULL,Rener
NULL,Renier
NULL,Renouf
NULL,Renville
NULL,Reome
NULL,Replogle
NULL,Ressa
NULL,Resseguie
NULL,Revel
NULL,Revere
NULL,Reville
NULL,Rey
NULL,Reymond
NULL,Reynard
NULL,Reynaud
NULL,Rezin
NULL,Rhone
NULL,Riblet
NULL,Ribordy
NULL,Ricard
NULL,Richard
NULL,Riche
NULL,Richoux
NULL,Ricord
NULL,Rideau
NULL,Rieb
NULL,Riendeau
NULL,Rigaud
NULL,Rio
NULL,Rion
NULL,Riopel
NULL,Riopelle
NULL,Rioux
NULL,Rison
NULL,Ritzenthaler
NULL,Rivard
NULL,Riveron
NULL,Rives
NULL,Rivest
NULL,Rivet
NULL,Rivett
NULL,Rivette
NULL,Riviere
NULL,Robarge
NULL,Robart
NULL,Robe
NULL,Roberge
NULL,Robert
NULL,Robey
NULL,Robichaud
NULL,Robichaux
NULL,Robicheau
NULL,Robicheaux
NULL,Robida
NULL,Robideau
NULL,Robideaux
NULL,Robidoux
NULL,Robillard
NULL,Robin
NULL,Robinett
NULL,Roblin
NULL,Robnett
NULL,Roch
NULL,Rochat
NULL,Roche
NULL,Rochefort
NULL,Rochelle
NULL,Rochette
NULL,Rochon
NULL,Rocque
NULL,Rodes
NULL,Rodier
NULL,Rodin
NULL,Rodrigue
NULL,Roehrich
NULL,Roelle
NULL,Roger
NULL,Rogier
NULL,Rohan
NULL,Roland
NULL,Rolland
NULL,Romain
NULL,Romaine
NULL,Roman
NULL,Rome
NULL,Rondeau
NULL,Roquet
NULL,Rose
NULL,Rosemond
NULL,Rosier
NULL,Rosin
NULL,Rossel
NULL,Rosselle
NULL,Rossier
NULL,Rossignol
NULL,Rossin
NULL,Rottier
NULL,Rouch
NULL,Roueche
NULL,Rougeau
NULL,Rougeux
NULL,Rouillard
NULL,Rouland
NULL,Rouleau
NULL,Roulhac
NULL,Roulier
NULL,Rounsavall
NULL,Rounsville
NULL,Rous
NULL,Rousse
NULL,Rousseau
NULL,Roussel
NULL,Roussell
NULL,Rousselle
NULL,Roussey
NULL,Roussin
NULL,Route
NULL,Routhier
NULL,Roux
NULL,Roy
NULL,Royer
NULL,Rubin
NULL,Ruby
NULL,Rue
NULL,Ruelle
NULL,Ruffin
NULL,Runser
NULL,Rutan
NULL,Saba
NULL,Sabat
NULL,Sabatine
NULL,Saber
NULL,Sabin
NULL,Sabine
NULL,Sable
NULL,Sabot
NULL,Sabourin
NULL,Sacre
NULL,Sade
NULL,Safran
NULL,Sagan
NULL,Sage
NULL,Sager
NULL,Sain
NULL,Saindon
NULL,Saint
NULL,Sala
NULL,Saladin
NULL,Salamy
NULL,Salber
NULL,Sale
NULL,Salem
NULL,Sales
NULL,Salin
NULL,Saline
NULL,Salis
NULL,Salle
NULL,Salles
NULL,Salman
NULL,Salmon
NULL,Salmond
NULL,Salois
NULL,Salomon
NULL,Salon
NULL,Salone
NULL,Salva
NULL,Salvage
NULL,Salvant
NULL,Samson
NULL,Samuel
NULL,Sand
NULL,Sandel
NULL,Sandoz
NULL,Sans
NULL,Sansouci
NULL,Sansoucie
NULL,Sansoucy
NULL,Sant
NULL,Santer
NULL,Santerre
NULL,Sara
NULL,Sarasin
NULL,Sarazen
NULL,Sarazin
NULL,Sarchet
NULL,Sargent
NULL,Sarles
NULL,Sarrazin
NULL,Sartin
NULL,Sartor
NULL,Sas
NULL,Sasse
NULL,Sasseville
NULL,Satin
NULL,Saucier
NULL,Saul
NULL,Saulnier
NULL,Sault
NULL,Saunier
NULL,Saur
NULL,Sauvage
NULL,Sauvageau
NULL,Sauve
NULL,Savant
NULL,Savard
NULL,Savary
NULL,Savel
NULL,Savin
NULL,Savoie
NULL,Say
NULL,Sayen
NULL,Sayer
NULL,Scoville
NULL,Sebald
NULL,Sebastian
NULL,Sebert
NULL,Seguin
NULL,Segur
NULL,Selin
NULL,Selle
NULL,Sellier
NULL,Semon
NULL,Senecal
NULL,Senechal
NULL,Senegal
NULL,Senesac
NULL,Senne
NULL,Sens
NULL,Sequin
NULL,Seraphin
NULL,Serene
NULL,Serge
NULL,Sergent
NULL,Serie
NULL,Serlin
NULL,Serpe
NULL,Serres
NULL,Servais
NULL,Servant
NULL,Servin
NULL,Sette
NULL,Setton
NULL,Severe
NULL,Severin
NULL,Sevy
NULL,Shaller
NULL,Shifflet
NULL,Sibille
NULL,Sicard
NULL,Sicotte
NULL,Sigur
NULL,Silvestre
NULL,Silvey
NULL,Simar
NULL,Simard
NULL,Simeon
NULL,Simien
NULL,Simon
NULL,Simoneau
NULL,Simoneaux
NULL,Simonet
NULL,Simonette
NULL,Simonin
NULL,Sion
NULL,Sirois
NULL,Siron
NULL,Six
NULL,Soine
NULL,Soisson
NULL,Sol
NULL,Solomon
NULL,Solon
NULL,Songy
NULL,Sonia
NULL,Sonnier
NULL,Sopher
NULL,Sorel
NULL,Sorelle
NULL,Sorin
NULL,Soucy
NULL,Souder
NULL,Soule
NULL,Soules
NULL,Soulier
NULL,Souliere
NULL,Soulliere
NULL,Spenard
NULL,Spoo
NULL,Staley
NULL,St.Amand
NULL,St.Amant
NULL,St.Amour
NULL,St.Andre
NULL,St.Ange
NULL,St.Angel
NULL,St.Ann
NULL,St.Aubin
NULL,Stavola
NULL,St.Charles
NULL,St.Clair
NULL,St.Claire
NULL,St.Croix
NULL,St.Cyr
NULL,St.Denis
NULL,Ste.Marie
NULL,Steve
NULL,St.Fleur
NULL,St.Gelais
NULL,St.George
NULL,St.Germain
NULL,St.Germaine
NULL,St.Hilaire
NULL,St.Jacques
NULL,St.Jean
NULL,St.Julien
NULL,St.Laurent
NULL,St.Louis
NULL,St.Marie
NULL,St.Martin
NULL,St.Onge
NULL,St.Ores
NULL,St.Ours
NULL,St.Pierre
NULL,St.Rock
NULL,St.Romain
NULL,Stroman
NULL,St.Roman
NULL,Strong
NULL,St.Sauveur
NULL,St.Vincent
NULL,Sublette
NULL,Suire
NULL,Sully
NULL,Suprise
NULL,Surette
NULL,Surgeon
NULL,Surprenant
NULL,Surrette
NULL,Susan
NULL,Susong
NULL,Sylvain
NULL,Sylvestre
NULL,Tache
NULL,Taillon
NULL,Talbert
NULL,Tallon
NULL,Tally
NULL,Tanguay
NULL,Tape
NULL,Tardif
NULL,Tardy
NULL,Tarin
NULL,Tarte
NULL,Tassin
NULL,Tauzin
NULL,Tavel
NULL,Tavernier
NULL,Tebeau
NULL,Telle
NULL,Tellier
NULL,Temple
NULL,Templet
NULL,Templin
NULL,Terres
NULL,Terrien
NULL,Terry
NULL,Tessier
NULL,Tesson
NULL,Teston
NULL,Tetreault
NULL,Tetu
NULL,Theard
NULL,Thebeau
NULL,Theberge
NULL,Theil
NULL,Thelin
NULL,Theodore
NULL,Theriault
NULL,Therien
NULL,Theroux
NULL,Therrian
NULL,Therrien
NULL,Thevenin
NULL,Thevenot
NULL,Thibadeau
NULL,Thibaudeau
NULL,Thibault
NULL,Thibaut
NULL,Thibeau
NULL,Thibeault
NULL,Thibeaux
NULL,Thibert
NULL,Thibodaux
NULL,Thibodeau
NULL,Thibodeaux
NULL,Thiboutot
NULL,Thiebaud
NULL,Thierry
NULL,Thiers
NULL,Thiery
NULL,Thill
NULL,Thirion
NULL,Thiry
NULL,Thom
NULL,Thomas
NULL,Thomassie
NULL,Thome
NULL,Thomure
NULL,Thore
NULL,Thorell
NULL,Tierce
NULL,Tiger
NULL,Tilly
NULL,Tin
NULL,Tingue
NULL,Tinnel
NULL,Tison
NULL,Tissot
NULL,Tite
NULL,Tobias
NULL,Tolbert
NULL,Tolen
NULL,Tolin
NULL,Toma
NULL,Tondreau
NULL,Tony
NULL,Totin
NULL,Touchet
NULL,Toulouse
NULL,Toupin
NULL,Toups
NULL,Tourangeau
NULL,Tourdot
NULL,Tourigny
NULL,Tourtellotte
NULL,Tourville
NULL,Tousignant
NULL,Toussaint
NULL,Toutant
NULL,Toy
NULL,Toye
NULL,Trabue
NULL,Trame
NULL,Trapnell
NULL,Traver
NULL,Travers
NULL,Traverse
NULL,Tremblay
NULL,Tremble
NULL,Trembly
NULL,Tremont
NULL,Trempe
NULL,Trench
NULL,Trenchard
NULL,Trepagnier
NULL,Trepanier
NULL,Trial
NULL,Tribolet
NULL,Triche
NULL,Trimbach
NULL,Trimbur
NULL,Trinque
NULL,Trivett
NULL,Trivette
NULL,Trojan
NULL,Tron
NULL,Trone
NULL,Tronson
NULL,Trottier
NULL,Troy
NULL,Truchon
NULL,Trudeau
NULL,Trudel
NULL,Tuel
NULL,Tullier
NULL,Tune
NULL,Turbin
NULL,Turcotte
NULL,Turenne
NULL,Turin
NULL,Turmel
NULL,Turpin
NULL,Tustin
NULL,Urbain
NULL,Urban
NULL,Urben
NULL,Urbin
NULL,Ury
NULL,Vachon
NULL,Vadeboncoeur
NULL,Vadnais
NULL,Vaillancourt
NULL,Vaillant
NULL,Valade
NULL,Valcourt
NULL,Valentin
NULL,Valery
NULL,Valin
NULL,Valiquette
NULL,Valleau
NULL,Vallee
NULL,Valleroy
NULL,Vallery
NULL,Vallet
NULL,Vallette
NULL,Vallier
NULL,Valliere
NULL,Vallieres
NULL,Vallin
NULL,Vallot
NULL,Valois
NULL,Vanier
NULL,Vannier
NULL,Varin
NULL,Varnadoe
NULL,Varnadore
NULL,Varnedoe
NULL,Varon
NULL,Vasseur
NULL,Vastine
NULL,Vautour
NULL,Vautrin
NULL,Vaux
NULL,Veilleux
NULL,Veillon
NULL,Venier
NULL,Vennard
NULL,Ventre
NULL,Vercher
NULL,Verdier
NULL,Verdin
NULL,Verdon
NULL,Verduin
NULL,Verdun
NULL,Verkler
NULL,Verley
NULL,Verne
NULL,Vernier
NULL,Vernon
NULL,Veron
NULL,Verret
NULL,Verrette
NULL,Verrier
NULL,Vertefeuille
NULL,Verville
NULL,Vestal
NULL,Vezina
NULL,Via
NULL,Vial
NULL,Viau
NULL,Vibert
NULL,Vicknair
NULL,Victor
NULL,Victoria
NULL,Victorian
NULL,Victorine
NULL,Vidal
NULL,Viel
NULL,Vien
NULL,Vieux
NULL,Vigeant
NULL,Viger
NULL,Vigneau
NULL,Vigneault
NULL,Vignes
NULL,Villar
NULL,Villars
NULL,Villemarette
NULL,Villeneuve
NULL,Villere
NULL,Villers
NULL,Villines
NULL,Vincelette
NULL,Vincent
NULL,Vinciguerra
NULL,Vinet
NULL,Violet
NULL,Violett
NULL,Violette
NULL,Viray
NULL,Vires
NULL,Virkler
NULL,Visage
NULL,Vital
NULL,Viverette
NULL,Vivian
NULL,Vivier
NULL,Voirol
NULL,Voisard
NULL,Voisin
NULL,Voisine
NULL,Voland
NULL,Volcy
NULL,Voyer
NULL,Wack
NULL,Wagnon
NULL,Wampler
NULL,Wattier
NULL,Wernimont
NULL,Widmeyer
NULL,Wiedmaier
NULL,Willet
NULL,Williquette
NULL,Wion
NULL,Wittmeyer
NULL,Wittry
NULL,Woodlock
NULL,Yon
NULL,Yount
NULL,Zay
NULL,Zenon
