NULL,Abezgauz
NULL,Aleksandrov
NULL,Altukhov
NULL,Alvang
NULL,Ankundinov
NULL,Arent
NULL,Arnold
NULL,Arshan
NULL,Arshun
NULL,Artemieva
NULL,Astafurov
NULL,Bardzecki
NULL,Bartoszewicz
NULL,Bashmakov
NULL,Baskov
NULL,Bek-Murzin
NULL,Belskaia
NULL,Berendt
NULL,Berndt
NULL,Bernt
NULL,Berthner
NULL,Bilinskii
NULL,Bleiwas
NULL,Bobrov
NULL,Bogaevskaia
NULL,Bogdanjwa
NULL,Bogdanovich
NULL,Bolokhovskis
NULL,Bondar
NULL,Borenstein
NULL,Borodinskii
NULL,Borovsky
NULL,Borowski
NULL,Botkina
NULL,Budberg
NULL,Budian
NULL,Budkovskiy
NULL,Budliavski
NULL,Burdzecki
NULL,Burundukov
NULL,Buryshkin
NULL,Burzeckaia
NULL,Chepelskii
NULL,Cheremisinova
NULL,Cherevin
NULL,Cherkesov
NULL,Cherlin
NULL,Cherlina
NULL,Chernikova
NULL,Cherstvennikov
NULL,Chirkoff
NULL,Chopiak
NULL,Chubinskii
NULL,Chuchin
NULL,Chuzhoi
NULL,Dauksza
NULL,Dikau
NULL,Dmitriev
NULL,Domashevich
NULL,Dombrovski
NULL,Dotsenko
NULL,Dvorkin
NULL,Dvorzhetskii
NULL,Dzhigit
NULL,Elout
NULL,Entin
NULL,Feldberg
NULL,Fialkovskii
NULL,Fiialkov
NULL,Flits
NULL,Frinovskii
NULL,Garder
NULL,Gaunshtein
NULL,Gavlik
NULL,Gavrikov
NULL,Gavronskii
NULL,Gelb
NULL,Gepfner
NULL,Gerasimova
NULL,Gerburt
NULL,Gershan
NULL,Gikalov
NULL,Gise
NULL,Giunter
NULL,Glazov
NULL,Glinka
NULL,Glubonin
NULL,Golender
NULL,Golovkin
NULL,Gontmakher
NULL,Gorchakov
NULL,Gorenshtein
NULL,Grabianko
NULL,Gundobin
NULL,Gunter
NULL,Gusarov
NULL,Gutelmakher
NULL,Gutemovskii
NULL,Gutenmakher
NULL,Guttenmakher
NULL,Holender
NULL,Ialovskaia
NULL,Ialovskii
NULL,Iavlenskaia
NULL,Ioksimovich
NULL,Ioselovich
NULL,Iskander
NULL,Istomin
NULL,Iunter
NULL,Iushkevich
NULL,Ivanov
NULL,Kalandarishvili
NULL,Kamarauskas
NULL,Kasianenko
NULL,Kenin
NULL,Khanina
NULL,Khavin
NULL,Kheifets
NULL,Khitrovo
NULL,Khmelnitskii
NULL,Khodkevich
NULL,Khripunov
NULL,Khripunova
NULL,Kintsel
NULL,Kiselow
NULL,Kitaev
NULL,Klopov
NULL,Koliabskaia
NULL,Kologrivov
NULL,Kologrivova
NULL,Komarnitskaia
NULL,Komarov
NULL,Komarovski
NULL,Komarovskii
NULL,Komerovskaia
NULL,Konchin
NULL,Konfer
NULL,Konkin
NULL,Konn
NULL,Konstantinov
NULL,Konstantinova
NULL,Korchagina
NULL,Korchinskaia
NULL,Kosmachevskaia
NULL,Kosovskaia
NULL,Kotko
NULL,Kovalevski
NULL,Kozerskaia
NULL,Kozerski
NULL,Kozlow
NULL,Kozyrskii
NULL,Kriukov
NULL,Kulikovskaia
NULL,Kunitskaia
NULL,Kupchenko
NULL,Kuzmin
NULL,Lebel
NULL,Lempitskaia
NULL,Lenevski
NULL,Leontiev
NULL,Lerche
NULL,Levanda
NULL,Levinson
NULL,Levitan
NULL,Levkov
NULL,Levkova
NULL,Likharev
NULL,Likhareva
NULL,Lipinskii
NULL,Lishin
NULL,Lisitskaia
NULL,Lisovskii
NULL,Lukowskaia
NULL,Magnovska
NULL,Mahkno
NULL,Maier
NULL,Makarova
NULL,Maklakov
NULL,Maksimov
NULL,Malakhovskii
NULL,Maletski
NULL,Maletskii
NULL,Malinovskii
NULL,Maliszewski
NULL,Maliszkewicz
NULL,Malitzka
NULL,Malitzkii
NULL,Malygin
NULL,Markevich
NULL,Masalsky
NULL,Maslov
NULL,Massalsky
NULL,Matsevich
NULL,Matsevichus
NULL,Matskevich
NULL,Mattel
NULL,Matulevich
NULL,Mayer
NULL,Medvedev
NULL,Medvedeva
NULL,Meier
NULL,Melnikov
NULL,Menshutkin
NULL,Menzhinskii
NULL,Mezentsov
NULL,Mezentsova
NULL,Mikhailov
NULL,Milaszewicz
NULL,Milaszewska
NULL,Milaszewski
NULL,Milkovich
NULL,Milodanovich
NULL,Milosz
NULL,Miloszinski
NULL,Mionchinskaia
NULL,Mirskii
NULL,Misostov
NULL,Miziukov
NULL,Molchanov
NULL,Molotkoff
NULL,Morozov
NULL,Mosalsky
NULL,Moskvin
NULL,Moszynski
NULL,Mozheika
NULL,Nazilevskii
NULL,Nebogatov
NULL,Negnevitskii
NULL,Nevelskoi
NULL,Nikonechnaia
NULL,Nisselovich
NULL,Oborskaia
NULL,Oborski
NULL,Okecka
NULL,Okkerman
NULL,Olendzskaia
NULL,Pankov
NULL,Panushkis
NULL,Parnes
NULL,Parolow
NULL,Paulson
NULL,Pavlovskii
NULL,Pechatnoff
NULL,Petrov
NULL,Petrovskaia
NULL,Petrovskii
NULL,Petrowa
NULL,Piotrovskii
NULL,Pletner
NULL,Plotnitskaia
NULL,Pogoretskaia
NULL,Pogorzelski
NULL,Polivanov
NULL,Polovinkin
NULL,Ponomarev
NULL,Popova
NULL,Popovtsev
NULL,Posiet
NULL,Potemkin
NULL,Pravdin
NULL,Priselkov
NULL,Prokofiev
NULL,Prokopchenko
NULL,Prokopovich
NULL,Pruszynski
NULL,Pumpianskii
NULL,Putilina
NULL,Rakhmelevich
NULL,Reikhman
NULL,Reznikov
NULL,Reznikova
NULL,Rodwalski
NULL,Rogusskii
NULL,Rokitskaia
NULL,Roschin
NULL,Rosenthal
NULL,Rowan
NULL,Rusakov
NULL,Rusakova
NULL,Saburova
NULL,Seidin
NULL,Semenov
NULL,Shalberov
NULL,Shchepetov
NULL,Shcherbatov
NULL,Shereshevski
NULL,Sheridan
NULL,Shikov
NULL,Shiritlokov
NULL,Shkarov
NULL,Shponarskaia
NULL,Shtadler
NULL,Shtein
NULL,Shubovich
NULL,Shuliakovskii
NULL,Shulkovskii
NULL,Shumakher
NULL,Shvarts
NULL,Siegel
NULL,Simonovich
NULL,Simson
NULL,Siniakov
NULL,Sipiagin
NULL,Sivortsova
NULL,Skipetroff
NULL,Skipetrova
NULL,Slavin
NULL,Slavina
NULL,Smolenskaia
NULL,Smolenskii
NULL,Sobeskaia
NULL,Sobetskaia
NULL,Sokolovskii
NULL,Solomon
NULL,Soloviev
NULL,Somov
NULL,Somova
NULL,Sotravits
NULL,Spektor
NULL,Speshiloff
NULL,Stanevich
NULL,Steinhauer
NULL,Steinheil
NULL,Stenghel
NULL,Stepunin
NULL,Sukhodolskaia
NULL,Sverzhenskii
NULL,Talkovskaia
NULL,Tamashevska
NULL,Tereshchenko
NULL,Tetiukov
NULL,Tokmakoff
NULL,Tomilin
NULL,Topczewski
NULL,Topezuvjw
NULL,Topezuvjwa
NULL,Trambetskaia
NULL,Treshchev
NULL,Trombetskaia
NULL,Trubachev
NULL,Trzemin
NULL,Trzheminska
NULL,Tsarev
NULL,Tselikova
NULL,Tsert
NULL,Tsitov
NULL,Turets
NULL,Turetskii
NULL,Ukhtomskii
NULL,Umanskii
NULL,Vans
NULL,Vargunin
NULL,Vasiliev
NULL,Veis
NULL,Veksler
NULL,Verbukh
NULL,Verden
NULL,Veretennikov
NULL,Vershvovski
NULL,Vikentieva
NULL,Vladimirskii
NULL,Volynski
NULL,Vorobiev
NULL,Weinstein
NULL,Werner
NULL,Wittenburg
NULL,Wolkowicz
NULL,Wolowitz
NULL,Worden
NULL,Yakunun
NULL,Yunter
NULL,Zalesskii
NULL,Zalicker
NULL,Zeif
NULL,Zelecker
NULL,Zelichonok
NULL,Zhalobovskaia
NULL,Zheldak
NULL,Zhelobovskaia
NULL,Zilberman
NULL,Zubkin
NULL,Zukov
NULL,Zukowskaia
NULL,Zukowski
