NULL,Adrik
NULL,Akim
NULL,Alek
NULL,Aleksandr
NULL,Aleksi
NULL,Aleksis
NULL,Alexei
NULL,Alik
NULL,Aloyoshenka
NULL,Aloysha
NULL,Anatolii
NULL,Andrei
NULL,Andrusha
NULL,Andrya
NULL,Anstice
NULL,Antinko
NULL,Anton
NULL,Antosha
NULL,Arman
NULL,Avel
NULL,Bogdashha
NULL,Bohdan
NULL,Bolodenka
NULL,Boris
NULL,Boris
NULL,Boris
NULL,Borya
NULL,Boryenka
NULL,Brends
NULL,Brody
NULL,Burian
NULL,Cheslav
NULL,Czar
NULL,Danya
NULL,Demyan
NULL,Dima
NULL,Dimitri
NULL,Edik
NULL,Eduard
NULL,Egor
NULL,Egor
NULL,Evgenii
NULL,Fabi
NULL,Faddei
NULL,Fadey
NULL,Fadeyka
NULL,Fedor
NULL,Fedya
NULL,Fedyenka
NULL,Feliks
NULL,Filip
NULL,Fjodor
NULL,Fjodor
NULL,Foma
NULL,Fredek
NULL,Fyodor
NULL,Ganya
NULL,Gav
NULL,Gavrel
NULL,Gavrie
NULL,Gavril
NULL,Gavril
NULL,Gavrilovich
NULL,Gennadi
NULL,Gregori
NULL,Grigor
NULL,Grigori
NULL,Grigorii
NULL,Grisha
NULL,Hedeon
NULL,Helge
NULL,Igor
NULL,Igoryok
NULL,Ilya
NULL,Ioakim
NULL,Iov
NULL,Ivan
NULL,Ivano
NULL,Jascha
NULL,Jasha
NULL,Jeirgif
NULL,Jermija
NULL,Jov
NULL,Jurg
NULL,Karolek
NULL,Kiril
NULL,Kirill
NULL,Kliment
NULL,Konstantin
NULL,Konstantine
NULL,Kostya
NULL,Laurente
NULL,Leonide
NULL,Lev
NULL,Levka
NULL,Luka
NULL,Lukyan
NULL,Maks
NULL,Maksim
NULL,Maksimillian
NULL,Marko
NULL,Markov
NULL,Matvey
NULL,Matysh
NULL,Maxim
NULL,Michail
NULL,Mikhail
NULL,Mikhail
NULL,Misha
NULL,Mishe
NULL,Moriz
NULL,Motka
NULL,Naum
NULL,Nicolai
NULL,Nikolai
NULL,Oleg
NULL,Oleg
NULL,Olezka
NULL,Ony
NULL,Oral
NULL,Orel
NULL,Orell
NULL,Oriel
NULL,Orrel
NULL,Osip
NULL,Pabiyan
NULL,Pavel
NULL,Pavel
NULL,PavIpv
NULL,Pavlik
NULL,Pavlo
NULL,Pavlusha
NULL,Pavlushka
NULL,Pavlya
NULL,Petenka
NULL,Petrov
NULL,Petya
NULL,Pyotr
NULL,Roman
NULL,Romochka
NULL,Rurik
NULL,Rurik
NULL,Sacha
NULL,Sacha
NULL,Sanya
NULL,Sasha
NULL,Semyon
NULL,Serge
NULL,Sergei
NULL,Serguei
NULL,Seriozha
NULL,Seriozhenka
NULL,Sevastian
NULL,Shashenka
NULL,Shura
NULL,Shurik
NULL,Shurochka
NULL,Slavik
NULL,Stanislov
NULL,
NULL,Stefan
NULL,Stephan
NULL,Stepka
NULL,Tamryn
NULL,Tasha
NULL,Tolenka
NULL,Tolya
NULL,Tosya
NULL,Tusya
NULL,Uri
NULL,Uriah
NULL,Urie
NULL,Ustin
NULL,Vadim
NULL,Valerii
NULL,Valerik
NULL,Vanechka
NULL,Vanya
NULL,Vanyusha
NULL,Vas
NULL,Vasilii
NULL,Vasily
NULL,Vassi
NULL,Vassily
NULL,Vasya
NULL,Viktor
NULL,Vitaliy
NULL,Vitenka
NULL,Vladik
NULL,Vladilen
NULL,Vladilen
NULL,Vladislav
NULL,Vladmir
NULL,Vladmiri
NULL,Vladya
NULL,Volody
NULL,Vyacheslav
NULL,Yakov
NULL,Yaremka
NULL,Yasha
NULL,Yefrem
NULL,Yerik
NULL,Yevgeni
NULL,Yura
NULL,Yuri
NULL,Yurii
NULL,Yurik
NULL,Yurochka
NULL,Zhenechka
NULL,Zhenya
NULL,Zhorah
NULL,Ziven
NULL,Zivon
NULL,Zory
